tag_id,tag_name,doc_id,title,create_time
280,怠速不稳,2632,铁马XC2200舟桥车怠速不稳,"2017-01-01 00:00:00"
281,没有阅读说明书,2632,铁马XC2200舟桥车怠速不稳,"2017-01-01 00:00:00"
282,混合气,2632,铁马XC2200舟桥车怠速不稳,"2017-01-01 00:00:00"
280,怠速不稳,2633,汉阳HY473AS半挂牵引车怠速不稳,"2017-01-01 00:00:00"
283,操作分心,2633,汉阳HY473AS半挂牵引车怠速不稳,"2017-01-01 00:00:00"
282,混合气,2633,汉阳HY473AS半挂牵引车怠速不稳,"2017-01-01 00:00:00"
280,怠速不稳,2634,铁马XC2200舟桥车怠速不稳,"2017-01-01 00:00:00"
284,驾驶不当,2634,铁马XC2200舟桥车怠速不稳,"2017-01-01 00:00:00"
282,混合气,2634,铁马XC2200舟桥车怠速不稳,"2017-01-01 00:00:00"
285,启动困难,2635,ZSL92式轮式步兵战车启动困难,"2017-01-01 00:00:00"
286,粗心,2635,ZSL92式轮式步兵战车启动困难,"2017-01-01 00:00:00"
287,点火器,2635,ZSL92式轮式步兵战车启动困难,"2017-01-01 00:00:00"
285,启动困难,2636,HY473（6×6）牵引车启动困难,"2017-01-01 00:00:00"
288,修理不当,2636,HY473（6×6）牵引车启动困难,"2017-01-01 00:00:00"
289,点火开关,2636,HY473（6×6）牵引车启动困难,"2017-01-01 00:00:00"
285,启动困难,2637,东风铁甲启动困难,"2017-01-01 00:00:00"
288,修理不当,2637,东风铁甲启动困难,"2017-01-01 00:00:00"
289,点火开关,2637,东风铁甲启动困难,"2017-01-01 00:00:00"
285,启动困难,2638,WZ901保安车启动困难,"2017-01-05 00:00:00"
290,不懂保养汽车,2638,WZ901保安车启动困难,"2017-01-05 00:00:00"
289,点火开关,2638,WZ901保安车启动困难,"2017-01-05 00:00:00"
285,启动困难,2639,WJ94轮式装甲防暴车启动困难,"2017-01-05 00:00:00"
286,粗心,2639,WJ94轮式装甲防暴车启动困难,"2017-01-05 00:00:00"
289,点火开关,2639,WJ94轮式装甲防暴车启动困难,"2017-01-05 00:00:00"
285,启动困难,2640,HY962半挂平板车启动困难,"2017-01-05 00:00:00"
291,知道故障不修理,2640,HY962半挂平板车启动困难,"2017-01-05 00:00:00"
289,点火开关,2640,HY962半挂平板车启动困难,"2017-01-05 00:00:00"
292,分电器盖窜气故障,2641,解放CA1091汽车分电器盖窜气故障,"2017-01-05 00:00:00"
281,没有阅读说明书,2641,解放CA1091汽车分电器盖窜气故障,"2017-01-05 00:00:00"
293,分电器盖,2641,解放CA1091汽车分电器盖窜气故障,"2017-01-05 00:00:00"
294,电枢轴脱焊造成起动机空转,2642,解放CA1091汽车分电器盖窜气故障,"2017-01-05 00:00:00"
290,不懂保养汽车,2642,解放CA1091汽车分电器盖窜气故障,"2017-01-05 00:00:00"
295,电枢轴,2642,解放CA1091汽车分电器盖窜气故障,"2017-01-05 00:00:00"
296,万向十字轴磨损导致动力不足,2643,解放CA1091汽车分电器盖窜气故障,"2017-01-05 00:00:00"
284,驾驶不当,2643,解放CA1091汽车分电器盖窜气故障,"2017-01-05 00:00:00"
297,万向十字轴,2643,解放CA1091汽车分电器盖窜气故障,"2017-01-05 00:00:00"
298,活塞环折断,2644,解放CA1091汽车分电器盖窜气故障,"2017-01-07 00:00:00"
281,没有阅读说明书,2644,解放CA1091汽车分电器盖窜气故障,"2017-01-07 00:00:00"
299,活塞,2644,解放CA1091汽车分电器盖窜气故障,"2017-01-07 00:00:00"
300,开锅故障,2645,CA1092E运输车发动机连续开锅故障,"2017-01-07 00:00:00"
301,责任心不强,2645,CA1092E运输车发动机连续开锅故障,"2017-01-07 00:00:00"
302,发动机,2645,CA1092E运输车发动机连续开锅故障,"2017-01-07 00:00:00"
303,机油尺屡次跳出,2646,解放CA1091汽车机油尺屡次跳出何故,"2017-01-07 00:00:00"
304,不定时检查车况,2646,解放CA1091汽车机油尺屡次跳出何故,"2017-01-07 00:00:00"
305,机油尺,2646,解放CA1091汽车机油尺屡次跳出何故,"2017-01-07 00:00:00"
306,消声器爆裂,2647,解放CA1091运输车消声器经常爆裂,"2017-01-07 00:00:00"
284,驾驶不当,2647,解放CA1091运输车消声器经常爆裂,"2017-01-07 00:00:00"
307,消音器,2647,解放CA1091运输车消声器经常爆裂,"2017-01-07 00:00:00"
308,水箱开锅,2648,解放CA1090汽车气缸盖上有沙眼引起水箱开锅,"2017-01-13 00:00:00"
309,意外,2648,解放CA1090汽车气缸盖上有沙眼引起水箱开锅,"2017-01-13 00:00:00"
310,水箱,2648,解放CA1090汽车气缸盖上有沙眼引起水箱开锅,"2017-01-13 00:00:00"
311,发动机工作不良,2649,解放CA1092汽车发动机工作不良,"2017-01-13 00:00:00"
288,修理不当,2649,解放CA1092汽车发动机工作不良,"2017-01-13 00:00:00"
312,燃爆限制器,2649,解放CA1092汽车发动机工作不良,"2017-01-13 00:00:00"
313,异响,2650," EQ1090型汽车运货出现震动","2017-01-13 00:00:00"
314,上次修理失当,2650," EQ1090型汽车运货出现震动","2017-01-13 00:00:00"
315,垫板,2650," EQ1090型汽车运货出现震动","2017-01-13 00:00:00"
285,启动困难,2651," EQ1090型汽车起动机轴承磨损导致起动困","2017-01-13 00:00:00"
291,知道故障不修理,2651," EQ1090型汽车起动机轴承磨损导致起动困","2017-01-13 00:00:00"
316,起动机轴承,2651," EQ1090型汽车起动机轴承磨损导致起动困","2017-01-13 00:00:00"
317,行驶无力,2652," EQ1090型汽车行驶无力","2017-01-13 00:00:00"
284,驾驶不当,2652," EQ1090型汽车行驶无力","2017-01-13 00:00:00"
318,汽油泵,2652," EQ1090型汽车行驶无力","2017-01-13 00:00:00"
285,启动困难,2653," EQ1090E型汽车不启动","2017-01-13 00:00:00"
301,责任心不强,2653," EQ1090E型汽车不启动","2017-01-13 00:00:00"
319,二极管,2653," EQ1090E型汽车不启动","2017-01-13 00:00:00"
285,启动困难,2654," 东风铁甲启动困难","2017-01-30 00:00:00"
304,不定时检查车况,2654," 东风铁甲启动困难","2017-01-30 00:00:00"
319,二极管,2654," 东风铁甲启动困难","2017-01-30 00:00:00"
320,气缸盖碗形塞锈穿,2655," EQ1090型汽车气缸盖碗形塞锈穿故障","2017-01-30 00:00:00"
314,上次修理失当,2655," EQ1090型汽车气缸盖碗形塞锈穿故障","2017-01-30 00:00:00"
321,气缸,2655," EQ1090型汽车气缸盖碗形塞锈穿故障","2017-01-30 00:00:00"
285,启动困难,2656," EQ1090E型汽车启动困难","2017-01-30 00:00:00"
281,没有阅读说明书,2656," EQ1090E型汽车启动困难","2017-01-30 00:00:00"
319,二极管,2656," EQ1090E型汽车启动困难","2017-01-30 00:00:00"
322,气缸盖锈穿,2657," EQ1090型汽车气缸盖锈穿故障","2017-01-30 00:00:00"
281,没有阅读说明书,2657," EQ1090型汽车气缸盖锈穿故障","2017-01-30 00:00:00"
321,气缸,2657," EQ1090型汽车气缸盖锈穿故障","2017-01-30 00:00:00"
323,汽油泵故障,2658," EQ1090型汽车发动机汽油泵故障","2017-01-30 00:00:00"
284,驾驶不当,2658," EQ1090型汽车发动机汽油泵故障","2017-01-30 00:00:00"
302,发动机,2658," EQ1090型汽车发动机汽油泵故障","2017-01-30 00:00:00"
324,分缸线故障,2659," EQ1090型汽车电路故障","2017-01-30 00:00:00"
314,上次修理失当,2659," EQ1090型汽车电路故障","2017-01-30 00:00:00"
325,分缸线,2659," EQ1090型汽车电路故障","2017-01-30 00:00:00"
326,漏油,2660," EQ1090E型严重漏油","2017-01-30 00:00:00"
288,修理不当,2660," EQ1090E型严重漏油","2017-01-30 00:00:00"
327,轴承,2660," EQ1090E型严重漏油","2017-01-30 00:00:00"
328,行驶摇头,2661," EQ1090型汽车行驶摇头","2017-02-05 00:00:00"
281,没有阅读说明书,2661," EQ1090型汽车行驶摇头","2017-02-05 00:00:00"
329,钢板销衬套,2661," EQ1090型汽车行驶摇头","2017-02-05 00:00:00"
330,漏水,2662," EQ1092FY型汽车漏水","2017-02-05 00:00:00"
288,修理不当,2662," EQ1092FY型汽车漏水","2017-02-05 00:00:00"
331,水箱盖,2662," EQ1092FY型汽车漏水","2017-02-05 00:00:00"
332,齿轮损坏,2663," EQ1090型汽车发动机正时齿轮损坏","2017-02-05 00:00:00"
314,上次修理失当,2663," EQ1090型汽车发动机正时齿轮损坏","2017-02-05 00:00:00"
333,齿轮,2663," EQ1090型汽车发动机正时齿轮损坏","2017-02-05 00:00:00"
332,齿轮损坏,2664," EQ1090型汽车发动机齿轮损坏","2017-02-05 00:00:00"
286,粗心,2664," EQ1090型汽车发动机齿轮损坏","2017-02-05 00:00:00"
333,齿轮,2664," EQ1090型汽车发动机齿轮损坏","2017-02-05 00:00:00"
334,"起动困难 ",2665," EQ1090型汽车起动困难 ","2017-02-05 00:00:00"
281,没有阅读说明书,2665," EQ1090型汽车起动困难 ","2017-02-05 00:00:00"
335,电流表,2665," EQ1090型汽车起动困难 ","2017-02-05 00:00:00"
334,"起动困难 ",2666," EQ1090型汽车起动困难 ","2017-02-05 00:00:00"
290,不懂保养汽车,2666," EQ1090型汽车起动困难 ","2017-02-05 00:00:00"
335,电流表,2666," EQ1090型汽车起动困难 ","2017-02-05 00:00:00"
336,轮胎异常,2667," EQ144型汽车轮胎异常","2017-02-05 00:00:00"
283,操作分心,2667," EQ144型汽车轮胎异常","2017-02-05 00:00:00"
337,轮胎,2667," EQ144型汽车轮胎异常","2017-02-05 00:00:00"
338,发动机固定螺栓松脱,2668," EQ1090型汽车变速器重载跳档  ","2017-02-05 00:00:00"
314,上次修理失当,2668," EQ1090型汽车变速器重载跳档  ","2017-02-05 00:00:00"
302,发动机,2668," EQ1090型汽车变速器重载跳档  ","2017-02-05 00:00:00"
339,发电机故障,2669," EQ1090型汽车硅整流发电机不发电","2017-02-15 00:00:00"
314,上次修理失当,2669," EQ1090型汽车硅整流发电机不发电","2017-02-15 00:00:00"
340,发电机,2669," EQ1090型汽车硅整流发电机不发电","2017-02-15 00:00:00"
341,电器传动轴松动,2670," EQ1090型汽车分异响","2017-02-15 00:00:00"
291,知道故障不修理,2670," EQ1090型汽车分异响","2017-02-15 00:00:00"
342,电器传动轴,2670," EQ1090型汽车分异响","2017-02-15 00:00:00"
334,"起动困难 ",2671," EQ1090型汽车起动困难","2017-02-15 00:00:00"
314,上次修理失当,2671," EQ1090型汽车起动困难","2017-02-15 00:00:00"
343,化油器,2671," EQ1090型汽车起动困难","2017-02-15 00:00:00"
285,启动困难,2672," EQ1090型汽车启动困难","2017-02-15 00:00:00"
309,意外,2672," EQ1090型汽车启动困难","2017-02-15 00:00:00"
344,曲轴箱通风单向阀,2672," EQ1090型汽车启动困难","2017-02-15 00:00:00"
345,冒黑烟,2673," EQ1090型汽车冒黑烟","2017-02-15 00:00:00"
283,操作分心,2673," EQ1090型汽车冒黑烟","2017-02-15 00:00:00"
346,火花塞,2673," EQ1090型汽车冒黑烟","2017-02-15 00:00:00"
347,变速器跳挡,2674," EQ1090型汽车变速器跳挡","2017-02-15 00:00:00"
283,操作分心,2674," EQ1090型汽车变速器跳挡","2017-02-15 00:00:00"
348,变速器,2674," EQ1090型汽车变速器跳挡","2017-02-15 00:00:00"
317,行驶无力,2675," EQ1090型汽车行驶无力","2017-02-19 00:00:00"
290,不懂保养汽车,2675," EQ1090型汽车行驶无力","2017-02-19 00:00:00"
282,混合气,2675," EQ1090型汽车行驶无力","2017-02-19 00:00:00"
349,爆燃,2676," EQ1090型汽车爆燃","2017-02-19 00:00:00"
284,驾驶不当,2676," EQ1090型汽车爆燃","2017-02-19 00:00:00"
321,气缸,2676," EQ1090型汽车爆燃","2017-02-19 00:00:00"
317,行驶无力,2677," EQ1090型汽车行驶无力","2017-02-19 00:00:00"
301,责任心不强,2677," EQ1090型汽车行驶无力","2017-02-19 00:00:00"
282,混合气,2677," EQ1090型汽车行驶无力","2017-02-19 00:00:00"
350,蓄电池损坏,2678," EQ1090型汽车蓄电池损坏","2017-02-19 00:00:00"
309,意外,2678," EQ1090型汽车蓄电池损坏","2017-02-19 00:00:00"
351,蓄电池,2678," EQ1090型汽车蓄电池损坏","2017-02-19 00:00:00"
352,大量漏油,2679," EQ1090型汽车大量漏油","2017-02-19 00:00:00"
304,不定时检查车况,2679," EQ1090型汽车大量漏油","2017-02-19 00:00:00"
353,机油泵,2679," EQ1090型汽车大量漏油","2017-02-19 00:00:00"
349,爆燃,2680," EQ1090型汽车爆燃","2017-02-19 00:00:00"
284,驾驶不当,2680," EQ1090型汽车爆燃","2017-02-19 00:00:00"
354,曲轴箱,2680," EQ1090型汽车爆燃","2017-02-19 00:00:00"
355,跳挡,2681," EQ1090型汽车跳挡","2017-02-19 00:00:00"
309,意外,2681," EQ1090型汽车跳挡","2017-02-19 00:00:00"
356,垫片,2681," EQ1090型汽车跳挡","2017-02-19 00:00:00"
285,启动困难,2682," EQ1090型汽车启动困难","2017-02-19 00:00:00"
283,操作分心,2682," EQ1090型汽车启动困难","2017-02-19 00:00:00"
333,齿轮,2682," EQ1090型汽车启动困难","2017-02-19 00:00:00"
357,熄火困难,2683," EQ1090型汽车熄火困难","2017-02-19 00:00:00"
288,修理不当,2683," EQ1090型汽车熄火困难","2017-02-19 00:00:00"
340,发电机,2683," EQ1090型汽车熄火困难","2017-02-19 00:00:00"
285,启动困难,2684," EQ1090型汽车启动困难","2017-02-19 00:00:00"
309,意外,2684," EQ1090型汽车启动困难","2017-02-19 00:00:00"
302,发动机,2684," EQ1090型汽车启动困难","2017-02-19 00:00:00"
313,异响,2685," EQ1090型汽车异响","2017-03-12 00:00:00"
286,粗心,2685," EQ1090型汽车异响","2017-03-12 00:00:00"
358,离合器,2685," EQ1090型汽车异响","2017-03-12 00:00:00"
359,开锅,2686," 东风铁甲开锅","2017-03-12 00:00:00"
283,操作分心,2686," 东风铁甲开锅","2017-03-12 00:00:00"
302,发动机,2686," 东风铁甲开锅","2017-03-12 00:00:00"
360,车灯不亮,2687," EQ1090型汽车车灯不亮","2017-03-12 00:00:00"
288,修理不当,2687," EQ1090型汽车车灯不亮","2017-03-12 00:00:00"
361,保险丝,2687," EQ1090型汽车车灯不亮","2017-03-12 00:00:00"
317,行驶无力,2688," EQ1090型汽车行驶无力","2017-03-12 00:00:00"
301,责任心不强,2688," EQ1090型汽车行驶无力","2017-03-12 00:00:00"
348,变速器,2688," EQ1090型汽车行驶无力","2017-03-12 00:00:00"
285,启动困难,2689," EQ1090型启动困难","2017-03-12 00:00:00"
291,知道故障不修理,2689," EQ1090型启动困难","2017-03-12 00:00:00"
302,发动机,2689," EQ1090型启动困难","2017-03-12 00:00:00"
285,启动困难,2690," EQ2080型汽车启动困难","2017-03-12 00:00:00"
290,不懂保养汽车,2690," EQ2080型汽车启动困难","2017-03-12 00:00:00"
362,起动机,2690," EQ2080型汽车启动困难","2017-03-12 00:00:00"
317,行驶无力,2691," EQ1092F1A型汽车行驶无力","2017-03-12 00:00:00"
309,意外,2691," EQ1092F1A型汽车行驶无力","2017-03-12 00:00:00"
363,贮气筒,2691," EQ1092F1A型汽车行驶无力","2017-03-12 00:00:00"
285,启动困难,2692," EQ1090E型汽车启动困难","2017-03-12 00:00:00"
283,操作分心,2692," EQ1090E型汽车启动困难","2017-03-12 00:00:00"
363,贮气筒,2692," EQ1090E型汽车启动困难","2017-03-12 00:00:00"
313,异响,2693," EQ1090型汽车异响","2017-03-12 00:00:00"
284,驾驶不当,2693," EQ1090型汽车异响","2017-03-12 00:00:00"
282,混合气,2693," EQ1090型汽车异响","2017-03-12 00:00:00"
317,行驶无力,2694," EQ1090型行驶无力","2017-03-12 00:00:00"
301,责任心不强,2694," EQ1090型行驶无力","2017-03-12 00:00:00"
348,变速器,2694," EQ1090型行驶无力","2017-03-12 00:00:00"
364,转向困难,2695," EQ1090型转向困难","2017-03-12 00:00:00"
281,没有阅读说明书,2695," EQ1090型转向困难","2017-03-12 00:00:00"
365,车垫,2695," EQ1090型转向困难","2017-03-12 00:00:00"
285,启动困难,2696," EQ1090型启动困难","2017-03-30 00:00:00"
283,操作分心,2696," EQ1090型启动困难","2017-03-30 00:00:00"
362,起动机,2696," EQ1090型启动困难","2017-03-30 00:00:00"
280,怠速不稳,2697," EQ1090型怠速不稳","2017-03-30 00:00:00"
314,上次修理失当,2697," EQ1090型怠速不稳","2017-03-30 00:00:00"
302,发动机,2697," EQ1090型怠速不稳","2017-03-30 00:00:00"
366,方向盘故障,2698,EQ1141G2八平柴汽车容易熄火,"2017-03-30 00:00:00"
281,没有阅读说明书,2698,EQ1141G2八平柴汽车容易熄火,"2017-03-30 00:00:00"
367,方向盘,2698,EQ1141G2八平柴汽车容易熄火,"2017-03-30 00:00:00"
368,容易熄火,2699," EQ1090型方向盘故障","2017-03-30 00:00:00"
314,上次修理失当,2699," EQ1090型方向盘故障","2017-03-30 00:00:00"
340,发电机,2699," EQ1090型方向盘故障","2017-03-30 00:00:00"
369,换挡困难,2700," EQ1090型容易熄火","2017-03-30 00:00:00"
284,驾驶不当,2700," EQ1090型容易熄火","2017-03-30 00:00:00"
370,储油罐,2700," EQ1090型容易熄火","2017-03-30 00:00:00"
368,容易熄火,2701," EQll08G6D型柴油车换挡困难","2017-03-30 00:00:00"
283,操作分心,2701," EQll08G6D型柴油车换挡困难","2017-03-30 00:00:00"
365,车垫,2701," EQll08G6D型柴油车换挡困难","2017-03-30 00:00:00"
371,触点烧蚀,2702," EQ1090型容易熄火","2017-03-30 00:00:00"
290,不懂保养汽车,2702," EQ1090型容易熄火","2017-03-30 00:00:00"
372,点火线圈,2702," EQ1090型容易熄火","2017-03-30 00:00:00"
369,换挡困难,2703," EQ1090型断电器触点烧蚀","2017-03-30 00:00:00"
286,粗心,2703," EQ1090型断电器触点烧蚀","2017-03-30 00:00:00"
358,离合器,2703," EQ1090型断电器触点烧蚀","2017-03-30 00:00:00"
368,容易熄火,2704,SY132型行驶无力,"2017-03-30 00:00:00"
290,不懂保养汽车,2704,SY132型行驶无力,"2017-03-30 00:00:00"
302,发动机,2704,SY132型行驶无力,"2017-03-30 00:00:00"
317,行驶无力,2705," EQll08G型汽车换挡困难","2017-04-09 00:00:00"
304,不定时检查车况,2705," EQll08G型汽车换挡困难","2017-04-09 00:00:00"
302,发动机,2705," EQll08G型汽车换挡困难","2017-04-09 00:00:00"
360,车灯不亮,2706,EQ2080型汽车容易熄火,"2017-04-09 00:00:00"
284,驾驶不当,2706,EQ2080型汽车容易熄火,"2017-04-09 00:00:00"
373,车灯,2706,EQ2080型汽车容易熄火,"2017-04-09 00:00:00"
317,行驶无力,2707,EQll08型柴油汽车行驶无力,"2017-04-09 00:00:00"
301,责任心不强,2707,EQll08型柴油汽车行驶无力,"2017-04-09 00:00:00"
374,制动阀,2707,EQll08型柴油汽车行驶无力,"2017-04-09 00:00:00"
285,启动困难,2708,EQll08G型柴油车车灯不亮,"2017-04-09 00:00:00"
291,知道故障不修理,2708,EQll08G型柴油车车灯不亮,"2017-04-09 00:00:00"
362,起动机,2708,EQll08G型柴油车车灯不亮,"2017-04-09 00:00:00"
369,换挡困难,2709,EQ2102型行驶无力,"2017-04-09 00:00:00"
284,驾驶不当,2709,EQ2102型行驶无力,"2017-04-09 00:00:00"
358,离合器,2709,EQ2102型行驶无力,"2017-04-09 00:00:00"
317,行驶无力,2710,EQ1090E型汽车启动困难,"2017-04-09 00:00:00"
283,操作分心,2710,EQ1090E型汽车启动困难,"2017-04-09 00:00:00"
302,发动机,2710,EQ1090E型汽车启动困难,"2017-04-09 00:00:00"
369,换挡困难,2711,EQ1090型汽车换挡困难,"2017-04-09 00:00:00"
304,不定时检查车况,2711,EQ1090型汽车换挡困难,"2017-04-09 00:00:00"
358,离合器,2711,EQ1090型汽车换挡困难,"2017-04-09 00:00:00"
285,启动困难,2712,EQ1090型汽车行驶无力,"2017-04-09 00:00:00"
281,没有阅读说明书,2712,EQ1090型汽车行驶无力,"2017-04-09 00:00:00"
375,制动器,2712,EQ1090型汽车行驶无力,"2017-04-09 00:00:00"
360,车灯不亮,2713,EQ1090型汽车换挡困难,"2017-04-09 00:00:00"
281,没有阅读说明书,2713,EQ1090型汽车换挡困难,"2017-04-09 00:00:00"
373,车灯,2713,EQ1090型汽车换挡困难,"2017-04-09 00:00:00"
285,启动困难,2714,EQ1090型汽车启动困难,"2017-04-09 00:00:00"
288,修理不当,2714,EQ1090型汽车启动困难,"2017-04-09 00:00:00"
302,发动机,2714,EQ1090型汽车启动困难,"2017-04-09 00:00:00"
359,开锅,2715,EQll08G型车灯不亮,"2017-04-21 00:00:00"
281,没有阅读说明书,2715,EQll08G型车灯不亮,"2017-04-21 00:00:00"
376,散热器,2715,EQll08G型车灯不亮,"2017-04-21 00:00:00"
285,启动困难,2716,EQ2102型汽车启动困难,"2017-04-21 00:00:00"
281,没有阅读说明书,2716,EQ2102型汽车启动困难,"2017-04-21 00:00:00"
377,喷油泵,2716,EQ2102型汽车启动困难,"2017-04-21 00:00:00"
369,换挡困难,2717,EQ1090型汽车开锅,"2017-04-21 00:00:00"
284,驾驶不当,2717,EQ1090型汽车开锅,"2017-04-21 00:00:00"
377,喷油泵,2717,EQ1090型汽车开锅,"2017-04-21 00:00:00"
359,开锅,2718,6105QC型启动困难,"2017-04-21 00:00:00"
304,不定时检查车况,2718,6105QC型启动困难,"2017-04-21 00:00:00"
376,散热器,2718,6105QC型启动困难,"2017-04-21 00:00:00"
285,启动困难,2719,6110型换挡困难,"2017-04-21 00:00:00"
309,意外,2719,6110型换挡困难,"2017-04-21 00:00:00"
302,发动机,2719,6110型换挡困难,"2017-04-21 00:00:00"
378,耗油过大,2720,EQ1090型汽车开锅,"2017-04-21 00:00:00"
301,责任心不强,2720,EQ1090型汽车开锅,"2017-04-21 00:00:00"
302,发动机,2720,EQ1090型汽车开锅,"2017-04-21 00:00:00"
285,启动困难,2721,EQ2102型启动困难,"2017-04-21 00:00:00"
288,修理不当,2721,EQ2102型启动困难,"2017-04-21 00:00:00"
302,发动机,2721,EQ2102型启动困难,"2017-04-21 00:00:00"
368,容易熄火,2722,EQ1090型耗油过大,"2017-04-21 00:00:00"
281,没有阅读说明书,2722,EQ1090型耗油过大,"2017-04-21 00:00:00"
302,发动机,2722,EQ1090型耗油过大,"2017-04-21 00:00:00"
285,启动困难,2723,EQ1090型汽车启动困难,"2017-04-21 00:00:00"
288,修理不当,2723,EQ1090型汽车启动困难,"2017-04-21 00:00:00"
362,起动机,2723,EQ1090型汽车启动困难,"2017-04-21 00:00:00"
313,异响,2724,沈飞猎鹰型容易熄火,"2017-04-21 00:00:00"
304,不定时检查车况,2724,沈飞猎鹰型容易熄火,"2017-04-21 00:00:00"
302,发动机,2724,沈飞猎鹰型容易熄火,"2017-04-21 00:00:00"
313,异响,2725,EQ1090型启动困难,"2017-04-21 00:00:00"
283,操作分心,2725,EQ1090型启动困难,"2017-04-21 00:00:00"
365,车垫,2725,EQ1090型启动困难,"2017-04-21 00:00:00"
359,开锅,2726,铁马XC2200载重车异响,"2017-04-21 00:00:00"
291,知道故障不修理,2726,铁马XC2200载重车异响,"2017-04-21 00:00:00"
376,散热器,2726,铁马XC2200载重车异响,"2017-04-21 00:00:00"
379,飞轮损坏,2727,EQ1090型汽车异响,"2017-04-21 00:00:00"
309,意外,2727,EQ1090型汽车异响,"2017-04-21 00:00:00"
380,飞轮,2727,EQ1090型汽车异响,"2017-04-21 00:00:00"
285,启动困难,2728,EQ1090型汽车开锅,"2017-04-21 00:00:00"
309,意外,2728,EQ1090型汽车开锅,"2017-04-21 00:00:00"
362,起动机,2728,EQ1090型汽车开锅,"2017-04-21 00:00:00"
345,冒黑烟,2729,EQ1090油罐车飞轮损坏,"2017-05-01 00:00:00"
281,没有阅读说明书,2729,EQ1090油罐车飞轮损坏,"2017-05-01 00:00:00"
307,消音器,2729,EQ1090油罐车飞轮损坏,"2017-05-01 00:00:00"
381,变速困难,2730,EQ140型汽车启动困难,"2017-05-01 00:00:00"
301,责任心不强,2730,EQ140型汽车启动困难,"2017-05-01 00:00:00"
348,变速器,2730,EQ140型汽车启动困难,"2017-05-01 00:00:00"
313,异响,2731,东风运输车冒黑烟,"2017-05-01 00:00:00"
283,操作分心,2731,东风运输车冒黑烟,"2017-05-01 00:00:00"
302,发动机,2731,东风运输车冒黑烟,"2017-05-01 00:00:00"
345,冒黑烟,2732,EQ1091型汽车变速困难,"2017-05-01 00:00:00"
290,不懂保养汽车,2732,EQ1091型汽车变速困难,"2017-05-01 00:00:00"
307,消音器,2732,EQ1091型汽车变速困难,"2017-05-01 00:00:00"
280,怠速不稳,2733,东风EQ245异响,"2017-05-01 00:00:00"
301,责任心不强,2733,东风EQ245异响,"2017-05-01 00:00:00"
302,发动机,2733,东风EQ245异响,"2017-05-01 00:00:00"
313,异响,2734,东风运水车冒黑烟,"2017-05-01 00:00:00"
288,修理不当,2734,东风运水车冒黑烟,"2017-05-01 00:00:00"
302,发动机,2734,东风运水车冒黑烟,"2017-05-01 00:00:00"
313,异响,2735,EQ1090运水车启动困难,"2017-05-01 00:00:00"
314,上次修理失当,2735,EQ1090运水车启动困难,"2017-05-01 00:00:00"
302,发动机,2735,EQ1090运水车启动困难,"2017-05-01 00:00:00"
317,行驶无力,2736,EQ1091型汽车怠速不稳,"2017-05-01 00:00:00"
301,责任心不强,2736,EQ1091型汽车怠速不稳,"2017-05-01 00:00:00"
302,发动机,2736,EQ1091型汽车怠速不稳,"2017-05-01 00:00:00"
382,动力不足,2737,EQ1091型异响,"2017-05-01 00:00:00"
291,知道故障不修理,2737,EQ1091型异响,"2017-05-01 00:00:00"
302,发动机,2737,EQ1091型异响,"2017-05-01 00:00:00"
285,启动困难,2738,EQ1091型异响,"2017-05-01 00:00:00"
290,不懂保养汽车,2738,EQ1091型异响,"2017-05-01 00:00:00"
377,喷油泵,2738,EQ1091型异响,"2017-05-01 00:00:00"
345,冒黑烟,2739,EQ1091型汽车行驶无力,"2017-05-01 00:00:00"
281,没有阅读说明书,2739,EQ1091型汽车行驶无力,"2017-05-01 00:00:00"
302,发动机,2739,EQ1091型汽车行驶无力,"2017-05-01 00:00:00"
381,变速困难,2740,EQ240巡逻车动力不足,"2017-05-01 00:00:00"
288,修理不当,2740,EQ240巡逻车动力不足,"2017-05-01 00:00:00"
348,变速器,2740,EQ240巡逻车动力不足,"2017-05-01 00:00:00"
300,开锅故障,2741,铁马XC2200舟桥车启动困难,"2017-05-01 00:00:00"
309,意外,2741,铁马XC2200舟桥车启动困难,"2017-05-01 00:00:00"
302,发动机,2741,铁马XC2200舟桥车启动困难,"2017-05-01 00:00:00"
285,启动困难,2742,WJ94轮式装甲防暴车冒黑烟,"2017-05-01 00:00:00"
288,修理不当,2742,WJ94轮式装甲防暴车冒黑烟,"2017-05-01 00:00:00"
383,电脑模块,2742,WJ94轮式装甲防暴车冒黑烟,"2017-05-01 00:00:00"
285,启动困难,2743,EQ1091型汽车变速困难,"2017-05-01 00:00:00"
314,上次修理失当,2743,EQ1091型汽车变速困难,"2017-05-01 00:00:00"
302,发动机,2743,EQ1091型汽车变速困难,"2017-05-01 00:00:00"
285,启动困难,2744,CA1092E运输车发动机连续开锅故障,"2017-05-13 00:00:00"
314,上次修理失当,2744,CA1092E运输车发动机连续开锅故障,"2017-05-13 00:00:00"
302,发动机,2744,CA1092E运输车发动机连续开锅故障,"2017-05-13 00:00:00"
285,启动困难,2745,奇瑞SQR7160ET车启动困难,"2017-05-13 00:00:00"
288,修理不当,2745,奇瑞SQR7160ET车启动困难,"2017-05-13 00:00:00"
302,发动机,2745,奇瑞SQR7160ET车启动困难,"2017-05-13 00:00:00"
285,启动困难,2746,帕萨特启动困难,"2017-05-13 00:00:00"
314,上次修理失当,2746,帕萨特启动困难,"2017-05-13 00:00:00"
302,发动机,2746,帕萨特启动困难,"2017-05-13 00:00:00"
382,动力不足,2747,东风铁甲启动困难,"2017-05-13 00:00:00"
283,操作分心,2747,东风铁甲启动困难,"2017-05-13 00:00:00"
384,转换器,2747,东风铁甲启动困难,"2017-05-13 00:00:00"
382,动力不足,2748,WZ901保安车启动困难,"2017-05-13 00:00:00"
314,上次修理失当,2748,WZ901保安车启动困难,"2017-05-13 00:00:00"
302,发动机,2748,WZ901保安车启动困难,"2017-05-13 00:00:00"
382,动力不足,2749,铁马XC2200载重车启动困难,"2017-05-13 00:00:00"
281,没有阅读说明书,2749,铁马XC2200载重车启动困难,"2017-05-13 00:00:00"
302,发动机,2749,铁马XC2200载重车启动困难,"2017-05-13 00:00:00"
382,动力不足,2750,风神蓝鸟动力不足,"2017-05-13 00:00:00"
283,操作分心,2750,风神蓝鸟动力不足,"2017-05-13 00:00:00"
302,发动机,2750,风神蓝鸟动力不足,"2017-05-13 00:00:00"
382,动力不足,2751,HY962半挂平板车动力不足,"2017-05-13 00:00:00"
281,没有阅读说明书,2751,HY962半挂平板车动力不足,"2017-05-13 00:00:00"
302,发动机,2751,HY962半挂平板车动力不足,"2017-05-13 00:00:00"
317,行驶无力,2752,WJ94轮式装甲防暴车动力不足,"2017-05-13 00:00:00"
291,知道故障不修理,2752,WJ94轮式装甲防暴车动力不足,"2017-05-13 00:00:00"
302,发动机,2752,WJ94轮式装甲防暴车动力不足,"2017-05-13 00:00:00"
317,行驶无力,2753,WJ94轮式装甲防暴车动力不足,"2017-05-13 00:00:00"
309,意外,2753,WJ94轮式装甲防暴车动力不足,"2017-05-13 00:00:00"
302,发动机,2753,WJ94轮式装甲防暴车动力不足,"2017-05-13 00:00:00"
317,行驶无力,2754,WJ94轮式装甲防暴车动力不足,"2017-05-13 00:00:00"
301,责任心不强,2754,WJ94轮式装甲防暴车动力不足,"2017-05-13 00:00:00"
302,发动机,2754,WJ94轮式装甲防暴车动力不足,"2017-05-13 00:00:00"
280,怠速不稳,2755,北汽勇士怠速不稳,"2017-01-02 00:00:00"
283,操作分心,2755,北汽勇士怠速不稳,"2017-01-02 00:00:00"
282,混合气,2755,北汽勇士怠速不稳,"2017-01-02 00:00:00"
385,熄火,2756,东风勇士高速熄火,"2017-02-02 00:00:00"
309,意外,2756,东风勇士高速熄火,"2017-02-02 00:00:00"
302,发动机,2756,东风勇士高速熄火,"2017-02-02 00:00:00"
345,冒黑烟,2757,燕京YJ6501冒黑烟,"2017-01-11 00:00:00"
288,修理不当,2757,燕京YJ6501冒黑烟,"2017-01-11 00:00:00"
386,排气管,2757,燕京YJ6501冒黑烟,"2017-01-11 00:00:00"
345,冒黑烟,2758,枭龙XL2060冒黑烟,"2017-05-16 00:00:00"
290,不懂保养汽车,2758,枭龙XL2060冒黑烟,"2017-05-16 00:00:00"
386,排气管,2758,枭龙XL2060冒黑烟,"2017-05-16 00:00:00"
285,启动困难,2759,燕京YJ6501启动困难,"2017-06-23 00:00:00"
288,修理不当,2759,燕京YJ6501启动困难,"2017-06-23 00:00:00"
289,点火开关,2759,燕京YJ6501启动困难,"2017-06-23 00:00:00"
387,发动机噪声大,2760,燕京YJ6501发动机噪声大，有“隆、隆”异响,"2017-06-04 00:00:00"
281,没有阅读说明书,2760,燕京YJ6501发动机噪声大，有“隆、隆”异响,"2017-06-04 00:00:00"
302,发动机,2760,燕京YJ6501发动机噪声大，有“隆、隆”异响,"2017-06-04 00:00:00"
385,熄火,2761,枭龙XL2060突然熄火后不能启动,"2017-07-23 00:00:00"
288,修理不当,2761,枭龙XL2060突然熄火后不能启动,"2017-07-23 00:00:00"
388,点火控制器,2761,枭龙XL2060突然熄火后不能启动,"2017-07-23 00:00:00"
345,冒黑烟,2762,奥迪A6排气管冒黑烟,"2017-04-28 00:00:00"
283,操作分心,2762,奥迪A6排气管冒黑烟,"2017-04-28 00:00:00"
389,氧传感器,2762,奥迪A6排气管冒黑烟,"2017-04-28 00:00:00"
345,冒黑烟,2763,奥迪A2排气管冒黑烟,"2017-01-04 00:00:00"
288,修理不当,2763,奥迪A2排气管冒黑烟,"2017-01-04 00:00:00"
389,氧传感器,2763,奥迪A2排气管冒黑烟,"2017-01-04 00:00:00"
285,启动困难,2764,枭龙XL2060发动机启动困难,"2017-05-04 00:00:00"
314,上次修理失当,2764,枭龙XL2060发动机启动困难,"2017-05-04 00:00:00"
390,进油管,2764,枭龙XL2060发动机启动困难,"2017-05-04 00:00:00"
285,启动困难,2765,五岳TAZ3090发动机启动困难,"2017-03-02 00:00:00"
291,知道故障不修理,2765,五岳TAZ3090发动机启动困难,"2017-03-02 00:00:00"
390,进油管,2765,五岳TAZ3090发动机启动困难,"2017-03-02 00:00:00"
391,水温高,2766,奥迪Q3水温高,"2017-02-05 00:00:00"
304,不定时检查车况,2766,奥迪Q3水温高,"2017-02-05 00:00:00"
392,组合仪表,2766,奥迪Q3水温高,"2017-02-05 00:00:00"
391,水温高,2767,燕京YJ6501水温高,"2017-02-26 00:00:00"
290,不懂保养汽车,2767,燕京YJ6501水温高,"2017-02-26 00:00:00"
393,节温器,2767,燕京YJ6501水温高,"2017-02-26 00:00:00"
391,水温高,2768,铁马XC2200载重车水温高,"2017-01-22 00:00:00"
309,意外,2768,铁马XC2200载重车水温高,"2017-01-22 00:00:00"
393,节温器,2768,铁马XC2200载重车水温高,"2017-01-22 00:00:00"
285,启动困难,2769,奥迪A5无法启动,"2017-01-12 00:00:00"
301,责任心不强,2769,奥迪A5无法启动,"2017-01-12 00:00:00"
383,电脑模块,2769,奥迪A5无法启动,"2017-01-12 00:00:00"
285,启动困难,2770,枭龙XL2060发动机启动困难,"2017-01-15 00:00:00"
304,不定时检查车况,2770,枭龙XL2060发动机启动困难,"2017-01-15 00:00:00"
394,油管,2770,枭龙XL2060发动机启动困难,"2017-01-15 00:00:00"
285,启动困难,2771,沈飞猎鹰启动机故障,"2017-04-18 00:00:00"
288,修理不当,2771,沈飞猎鹰启动机故障,"2017-04-18 00:00:00"
395,驱动齿轮,2771,沈飞猎鹰启动机故障,"2017-04-18 00:00:00"
396,中控锁故障,2772,枭龙XL2060中控门锁突然失灵,"2017-04-19 00:00:00"
283,操作分心,2772,枭龙XL2060中控门锁突然失灵,"2017-04-19 00:00:00"
397,电机,2772,枭龙XL2060中控门锁突然失灵,"2017-04-19 00:00:00"
285,启动困难,2773,沈飞猎鹰启动困难,"2017-04-20 00:00:00"
290,不懂保养汽车,2773,沈飞猎鹰启动困难,"2017-04-20 00:00:00"
398,曲轴,2773,沈飞猎鹰启动困难,"2017-04-20 00:00:00"
285,启动困难,2774,铁马XC2200舟桥车发动机无力故障,"2017-03-18 00:00:00"
288,修理不当,2774,铁马XC2200舟桥车发动机无力故障,"2017-03-18 00:00:00"
343,化油器,2774,铁马XC2200舟桥车发动机无力故障,"2017-03-18 00:00:00"
399,制动跑偏,2775,铁马XC2200舟桥车制动向左跑偏,"2017-03-19 00:00:00"
301,责任心不强,2775,铁马XC2200舟桥车制动向左跑偏,"2017-03-19 00:00:00"
400,钢板弹簧栓,2775,铁马XC2200舟桥车制动向左跑偏,"2017-03-19 00:00:00"
401,离合器发料,2776,长丰猎豹离合器发料,"2017-04-05 00:00:00"
301,责任心不强,2776,长丰猎豹离合器发料,"2017-04-05 00:00:00"
358,离合器,2776,长丰猎豹离合器发料,"2017-04-05 00:00:00"
385,熄火,2777,铁马XC2200方舱车突然熄火,"2017-05-12 00:00:00"
290,不懂保养汽车,2777,铁马XC2200方舱车突然熄火,"2017-05-12 00:00:00"
402,分电器断电臂,2777,铁马XC2200方舱车突然熄火,"2017-05-12 00:00:00"
403,发动机异响,2778,东风猛士发动机异响,"2017-05-06 00:00:00"
304,不定时检查车况,2778,东风猛士发动机异响,"2017-05-06 00:00:00"
346,火花塞,2778,东风猛士发动机异响,"2017-05-06 00:00:00"
404,发动机故障,2779,奥迪A3发动机动力降低,"2017-05-06 00:00:00"
309,意外,2779,奥迪A3发动机动力降低,"2017-05-06 00:00:00"
405,搭铁线,2779,奥迪A3发动机动力降低,"2017-05-06 00:00:00"
391,水温高,2780,东风猛士水温高,"2017-05-06 00:00:00"
290,不懂保养汽车,2780,东风猛士水温高,"2017-05-06 00:00:00"
406,风扇皮带,2780,东风猛士水温高,"2017-05-06 00:00:00"
280,怠速不稳,2781,奥迪A6怠速不稳,"2017-02-07 00:00:00"
304,不定时检查车况,2781,奥迪A6怠速不稳,"2017-02-07 00:00:00"
407,PCV阀,2781,奥迪A6怠速不稳,"2017-02-07 00:00:00"
404,发动机故障,2782,奔驰2026（6×6）8吨级越野车发动机动力降低,"2017-05-06 00:00:00"
314,上次修理失当,2782,奔驰2026（6×6）8吨级越野车发动机动力降低,"2017-05-06 00:00:00"
408,凸轮轴承,2782,奔驰2026（6×6）8吨级越野车发动机动力降低,"2017-05-06 00:00:00"
409,充电指示灯不熄灭,2783,铁马XC2200载重车充电指示灯不熄灭,"2017-01-23 00:00:00"
283,操作分心,2783,铁马XC2200载重车充电指示灯不熄灭,"2017-01-23 00:00:00"
410,激磁二极管,2783,铁马XC2200载重车充电指示灯不熄灭,"2017-01-23 00:00:00"
385,熄火,2784,枭龙XL2060无故熄火,"2017-05-06 00:00:00"
286,粗心,2784,枭龙XL2060无故熄火,"2017-05-06 00:00:00"
411,活动触点臂,2784,枭龙XL2060无故熄火,"2017-05-06 00:00:00"
391,水温高,2785,长丰猎豹水温高,"2017-06-06 00:00:00"
281,没有阅读说明书,2785,长丰猎豹水温高,"2017-06-06 00:00:00"
412,风扇叶片,2785,长丰猎豹水温高,"2017-06-06 00:00:00"
391,水温高,2786,北汽勇士水温高,"2017-06-06 00:00:00"
314,上次修理失当,2786,北汽勇士水温高,"2017-06-06 00:00:00"
412,风扇叶片,2786,北汽勇士水温高,"2017-06-06 00:00:00"
413,仪表不显示,2787,北汽勇士洗车后仪表不显示,"2017-02-26 00:00:00"
281,没有阅读说明书,2787,北汽勇士洗车后仪表不显示,"2017-02-26 00:00:00"
361,保险丝,2787,北汽勇士洗车后仪表不显示,"2017-02-26 00:00:00"
285,启动困难,2788,铁马XC2200舟桥车不能启动,"2017-01-19 00:00:00"
290,不懂保养汽车,2788,铁马XC2200舟桥车不能启动,"2017-01-19 00:00:00"
361,保险丝,2788,铁马XC2200舟桥车不能启动,"2017-01-19 00:00:00"
285,启动困难,2789,奥迪A5不能启动,"2017-01-16 00:00:00"
314,上次修理失当,2789,奥迪A5不能启动,"2017-01-16 00:00:00"
361,保险丝,2789,奥迪A5不能启动,"2017-01-16 00:00:00"
280,怠速不稳,2790,五岳TAZ3090怠速发抖，油耗过高,"2017-01-16 00:00:00"
284,驾驶不当,2790,五岳TAZ3090怠速发抖，油耗过高,"2017-01-16 00:00:00"
351,蓄电池,2790,五岳TAZ3090怠速发抖，油耗过高,"2017-01-16 00:00:00"
280,怠速不稳,2791,北汽勇士怠速抖动厉害,"2017-01-16 00:00:00"
301,责任心不强,2791,北汽勇士怠速抖动厉害,"2017-01-16 00:00:00"
351,蓄电池,2791,北汽勇士怠速抖动厉害,"2017-01-16 00:00:00"
404,发动机故障,2792,五岳TAZ3090发动机间歇性无法启动,"2017-01-16 00:00:00"
314,上次修理失当,2792,五岳TAZ3090发动机间歇性无法启动,"2017-01-16 00:00:00"
383,电脑模块,2792,五岳TAZ3090发动机间歇性无法启动,"2017-01-16 00:00:00"
414,换档冲击,2793,五岳TAZ3090自动档换档冲击,"2017-01-16 00:00:00"
309,意外,2793,五岳TAZ3090自动档换档冲击,"2017-01-16 00:00:00"
415,电磁阀,2793,五岳TAZ3090自动档换档冲击,"2017-01-16 00:00:00"
416,故障灯闪烁,2794,铁马XC2200方舱车手制动灯无故闪烁,"2017-01-16 00:00:00"
283,操作分心,2794,铁马XC2200方舱车手制动灯无故闪烁,"2017-01-16 00:00:00"
302,发动机,2794,铁马XC2200方舱车手制动灯无故闪烁,"2017-01-16 00:00:00"
404,发动机故障,2795,铁马XC2200方舱车发动机间歇性加速无力,"2017-07-10 00:00:00"
291,知道故障不修理,2795,铁马XC2200方舱车发动机间歇性加速无力,"2017-07-10 00:00:00"
417,螺栓,2795,铁马XC2200方舱车发动机间歇性加速无力,"2017-07-10 00:00:00"
404,发动机故障,2796,猎豹飞腾发动机间歇性加速无力,"2017-07-17 00:00:00"
291,知道故障不修理,2796,猎豹飞腾发动机间歇性加速无力,"2017-07-17 00:00:00"
417,螺栓,2796,猎豹飞腾发动机间歇性加速无力,"2017-07-17 00:00:00"
418,熄火，发动机故障,2797,铁马XC2200载重车发动机无法启动,"2017-07-17 00:00:00"
291,知道故障不修理,2797,铁马XC2200载重车发动机无法启动,"2017-07-17 00:00:00"
383,电脑模块,2797,铁马XC2200载重车发动机无法启动,"2017-07-17 00:00:00"
280,怠速不稳,2798,猎豹飞腾发动机间歇性动力不足,"2017-07-17 00:00:00"
309,意外,2798,猎豹飞腾发动机间歇性动力不足,"2017-07-17 00:00:00"
419,排气门,2798,猎豹飞腾发动机间歇性动力不足,"2017-07-17 00:00:00"
280,怠速不稳,2799,猎豹飞腾火花塞引起的一例典型故障,"2017-07-17 00:00:00"
288,修理不当,2799,猎豹飞腾火花塞引起的一例典型故障,"2017-07-17 00:00:00"
346,火花塞,2799,猎豹飞腾火花塞引起的一例典型故障,"2017-07-17 00:00:00"
280,怠速不稳,2800,WZ901轮式装甲安全车动力不足且怠速发抖,"2017-07-14 00:00:00"
288,修理不当,2800,WZ901轮式装甲安全车动力不足且怠速发抖,"2017-07-14 00:00:00"
420,三元催化转换器,2800,WZ901轮式装甲安全车动力不足且怠速发抖,"2017-07-14 00:00:00"
285,启动困难,2801,WZ901轮式装甲安全车一侧小灯不亮,"2017-07-14 00:00:00"
290,不懂保养汽车,2801,WZ901轮式装甲安全车一侧小灯不亮,"2017-07-14 00:00:00"
421,气缸垫,2801,WZ901轮式装甲安全车一侧小灯不亮,"2017-07-14 00:00:00"
422,空调压缩机跳动,2802,远达SCZ3090CA空调压缩机频繁跳动,"2017-07-14 00:00:00"
290,不懂保养汽车,2802,远达SCZ3090CA空调压缩机频繁跳动,"2017-07-14 00:00:00"
423,压力开关,2802,远达SCZ3090CA空调压缩机频繁跳动,"2017-07-14 00:00:00"
285,启动困难,2803,五岳TAZ3090发动机不能启动,"2017-07-14 00:00:00"
283,操作分心,2803,五岳TAZ3090发动机不能启动,"2017-07-14 00:00:00"
424,信号线,2803,五岳TAZ3090发动机不能启动,"2017-07-14 00:00:00"
425,空调故障,2804,奥迪A6空调不致冷,"2017-07-14 00:00:00"
301,责任心不强,2804,奥迪A6空调不致冷,"2017-07-14 00:00:00"
426,低压管,2804,奥迪A6空调不致冷,"2017-07-14 00:00:00"
425,空调故障,2805,五岳TAZ3090空调故障,"2017-01-02 00:00:00"
290,不懂保养汽车,2805,五岳TAZ3090空调故障,"2017-01-02 00:00:00"
427,电阻,2805,五岳TAZ3090空调故障,"2017-01-02 00:00:00"
280,怠速不稳,2806,五岳TAZ3090怠速过高,"2017-03-13 00:00:00"
301,责任心不强,2806,五岳TAZ3090怠速过高,"2017-03-13 00:00:00"
393,节温器,2806,五岳TAZ3090怠速过高,"2017-03-13 00:00:00"
280,怠速不稳,2807,汉阳HY473AS半挂牵引车怠速过高,"2017-03-13 00:00:00"
281,没有阅读说明书,2807,汉阳HY473AS半挂牵引车怠速过高,"2017-03-13 00:00:00"
393,节温器,2807,汉阳HY473AS半挂牵引车怠速过高,"2017-03-13 00:00:00"
280,怠速不稳,2808,五岳TAZ3090急加速回火,"2017-03-13 00:00:00"
304,不定时检查车况,2808,五岳TAZ3090急加速回火,"2017-03-13 00:00:00"
428,转子轴,2808,五岳TAZ3090急加速回火,"2017-03-13 00:00:00"
429,倒车灯不亮,2809,汉阳HY4320S半挂牵引车倒车灯不亮,"2017-04-13 00:00:00"
314,上次修理失当,2809,汉阳HY4320S半挂牵引车倒车灯不亮,"2017-04-13 00:00:00"
405,搭铁线,2809,汉阳HY4320S半挂牵引车倒车灯不亮,"2017-04-13 00:00:00"
430,无倒档,2810,奥迪A6无倒档,"2017-03-13 00:00:00"
283,操作分心,2810,奥迪A6无倒档,"2017-03-13 00:00:00"
431,防盗器,2810,奥迪A6无倒档,"2017-03-13 00:00:00"
385,熄火,2811,汉阳HY4320S半挂牵引车熄火,"2017-05-24 00:00:00"
288,修理不当,2811,汉阳HY4320S半挂牵引车熄火,"2017-05-24 00:00:00"
432,曲轴位置传感器，发动机电子控制器ECU插接头,2811,汉阳HY4320S半挂牵引车熄火,"2017-05-24 00:00:00"
285,启动困难,2812,汉阳HY4320S半挂牵引车无法启动,"2017-07-16 00:00:00"
290,不懂保养汽车,2812,汉阳HY4320S半挂牵引车无法启动,"2017-07-16 00:00:00"
433,链条,2812,汉阳HY4320S半挂牵引车无法启动,"2017-07-16 00:00:00"
434,发动机回火,2813,铁马XC2200载重车发动机回火,"2017-07-19 00:00:00"
291,知道故障不修理,2813,铁马XC2200载重车发动机回火,"2017-07-19 00:00:00"
435,凸轮轴,2813,铁马XC2200载重车发动机回火,"2017-07-19 00:00:00"
285,启动困难,2814,铁马XC2200载重车发动机无法启动,"2017-07-16 00:00:00"
309,意外,2814,铁马XC2200载重车发动机无法启动,"2017-07-16 00:00:00"
436,变速箱电脑,2814,铁马XC2200载重车发动机无法启动,"2017-07-16 00:00:00"
391,水温高,2815,铁马XC2200载重车水温高,"2017-07-16 00:00:00"
304,不定时检查车况,2815,铁马XC2200载重车水温高,"2017-07-16 00:00:00"
437,水泵,2815,铁马XC2200载重车水温高,"2017-07-16 00:00:00"
391,水温高,2816,猎豹飞腾水温高,"2017-07-16 00:00:00"
309,意外,2816,猎豹飞腾水温高,"2017-07-16 00:00:00"
437,水泵,2816,猎豹飞腾水温高,"2017-07-16 00:00:00"
438,灯常亮,2817,猎豹飞腾SRS灯常亮,"2017-05-15 00:00:00"
314,上次修理失当,2817,猎豹飞腾SRS灯常亮,"2017-05-15 00:00:00"
439,线,2817,猎豹飞腾SRS灯常亮,"2017-05-15 00:00:00"
280,怠速不稳,2818,猎豹飞腾无怠速,"2017-01-15 00:00:00"
304,不定时检查车况,2818,猎豹飞腾无怠速,"2017-01-15 00:00:00"
440,通气口,2818,猎豹飞腾无怠速,"2017-01-15 00:00:00"
441,输油泵故障,2819,猎豹飞腾输油泵故障,"2017-01-15 00:00:00"
288,修理不当,2819,猎豹飞腾输油泵故障,"2017-01-15 00:00:00"
442,输出泵,2819,猎豹飞腾输油泵故障,"2017-01-15 00:00:00"
280,怠速不稳,2820,猎豹飞腾冷车启动困难，热车怠速不稳,"2017-01-15 00:00:00"
301,责任心不强,2820,猎豹飞腾冷车启动困难，热车怠速不稳,"2017-01-15 00:00:00"
443,分电器,2820,猎豹飞腾冷车启动困难，热车怠速不稳,"2017-01-15 00:00:00"
385,熄火,2821,长丰猎豹发动机熄火,"2017-03-25 00:00:00"
301,责任心不强,2821,长丰猎豹发动机熄火,"2017-03-25 00:00:00"
444,启动机开关,2821,长丰猎豹发动机熄火,"2017-03-25 00:00:00"
385,熄火,2822,长丰猎豹发动机间歇熄火,"2016-07-30 00:00:00"
314,上次修理失当,2822,长丰猎豹发动机间歇熄火,"2016-07-30 00:00:00"
445,油箱,2822,长丰猎豹发动机间歇熄火,"2016-07-30 00:00:00"
385,熄火,2823,北汽勇士发动机间歇熄火,"2017-01-15 00:00:00"
283,操作分心,2823,北汽勇士发动机间歇熄火,"2017-01-15 00:00:00"
445,油箱,2823,北汽勇士发动机间歇熄火,"2017-01-15 00:00:00"
446,制动液温度过高，刹车失灵,2824,北汽勇士液压制动分泵温度过高,"2017-01-15 00:00:00"
309,意外,2824,北汽勇士液压制动分泵温度过高,"2017-01-15 00:00:00"
447,制动毂，蹄片,2824,北汽勇士液压制动分泵温度过高,"2017-01-15 00:00:00"
448,正时齿轮发响,2825,北汽勇士正时齿轮发响声,"2017-01-14 00:00:00"
304,不定时检查车况,2825,北汽勇士正时齿轮发响声,"2017-01-14 00:00:00"
449,正时齿轮,2825,北汽勇士正时齿轮发响声,"2017-01-14 00:00:00"
448,正时齿轮发响,2826,奥迪A3正时齿轮发响,"2017-01-14 00:00:00"
284,驾驶不当,2826,奥迪A3正时齿轮发响,"2017-01-14 00:00:00"
449,正时齿轮,2826,奥迪A3正时齿轮发响,"2017-01-14 00:00:00"
448,正时齿轮发响,2827,汉阳HY473AS半挂牵引车正时齿轮发响,"2017-01-14 00:00:00"
291,知道故障不修理,2827,汉阳HY473AS半挂牵引车正时齿轮发响,"2017-01-14 00:00:00"
449,正时齿轮,2827,汉阳HY473AS半挂牵引车正时齿轮发响,"2017-01-14 00:00:00"
450,起动机损坏,2828,一辆汉阳HY473AS半挂牵引车盲目串联蓄电池,"2017-01-18 00:00:00"
304,不定时检查车况,2828,一辆汉阳HY473AS半挂牵引车盲目串联蓄电池,"2017-01-18 00:00:00"
362,起动机,2828,一辆汉阳HY473AS半挂牵引车盲目串联蓄电池,"2017-01-18 00:00:00"
391,水温高,2829,汉阳HY473AS半挂牵引车水箱“开锅”,"2017-01-18 00:00:00"
290,不懂保养汽车,2829,汉阳HY473AS半挂牵引车水箱“开锅”,"2017-01-18 00:00:00"
451,节温器，冷却系,2829,汉阳HY473AS半挂牵引车水箱“开锅”,"2017-01-18 00:00:00"
409,充电指示灯不熄灭,2830,汉阳HY473AS半挂牵引车充电指示灯不熄灭,"2017-01-18 00:00:00"
301,责任心不强,2830,汉阳HY473AS半挂牵引车充电指示灯不熄灭,"2017-01-18 00:00:00"
452,二极管接线螺杆,2830,汉阳HY473AS半挂牵引车充电指示灯不熄灭,"2017-01-18 00:00:00"
280,怠速不稳,2831,沈飞猎鹰发动机怠速不稳,"2017-04-12 00:00:00"
309,意外,2831,沈飞猎鹰发动机怠速不稳,"2017-04-12 00:00:00"
453,怠速控制阀,2831,沈飞猎鹰发动机怠速不稳,"2017-04-12 00:00:00"
280,怠速不稳,2832,汉阳HY473AS半挂牵引车发动机怠速不稳,"2017-01-18 00:00:00"
286,粗心,2832,汉阳HY473AS半挂牵引车发动机怠速不稳,"2017-01-18 00:00:00"
454,节气门位置传感器怠速开关,2832,汉阳HY473AS半挂牵引车发动机怠速不稳,"2017-01-18 00:00:00"
280,怠速不稳,2833,长丰猎豹发动机怠速不稳,"2017-05-02 00:00:00"
281,没有阅读说明书,2833,长丰猎豹发动机怠速不稳,"2017-05-02 00:00:00"
455,进气管,2833,长丰猎豹发动机怠速不稳,"2017-05-02 00:00:00"
280,怠速不稳,2834,汉阳HY473AS半挂牵引车发动机怠速不稳,"2017-01-18 00:00:00"
314,上次修理失当,2834,汉阳HY473AS半挂牵引车发动机怠速不稳,"2017-01-18 00:00:00"
456,喷油器,2834,汉阳HY473AS半挂牵引车发动机怠速不稳,"2017-01-18 00:00:00"
280,怠速不稳,2835,WS-1B自行火箭炮发动机怠速不稳,"2017-06-06 00:00:00"
290,不懂保养汽车,2835,WS-1B自行火箭炮发动机怠速不稳,"2017-06-06 00:00:00"
457,排气系统,2835,WS-1B自行火箭炮发动机怠速不稳,"2017-06-06 00:00:00"
458,发动机无法启动,2836,黄河DD3090JFZ汽油发动机无法启动,"2017-08-19 00:00:00"
281,没有阅读说明书,2836,黄河DD3090JFZ汽油发动机无法启动,"2017-08-19 00:00:00"
351,蓄电池,2836,黄河DD3090JFZ汽油发动机无法启动,"2017-08-19 00:00:00"
459,发动机动力不足,2837,枭龙XL2060发动机动力不足,"2017-08-19 00:00:00"
283,操作分心,2837,枭龙XL2060发动机动力不足,"2017-08-19 00:00:00"
460,节气门,2837,枭龙XL2060发动机动力不足,"2017-08-19 00:00:00"
459,发动机动力不足,2838,燕京YJ6501发动机动力不足,"2017-08-19 00:00:00"
309,意外,2838,燕京YJ6501发动机动力不足,"2017-08-19 00:00:00"
456,喷油器,2838,燕京YJ6501发动机动力不足,"2017-08-19 00:00:00"
461,离合器异响,2839,黄河DD3090JFZ离合器异响,"2017-08-19 00:00:00"
281,没有阅读说明书,2839,黄河DD3090JFZ离合器异响,"2017-08-19 00:00:00"
462,分离轴承,2839,黄河DD3090JFZ离合器异响,"2017-08-19 00:00:00"
461,离合器异响,2840,黄河DD3090JFZ离合器异响,"2017-06-18 00:00:00"
284,驾驶不当,2840,黄河DD3090JFZ离合器异响,"2017-06-18 00:00:00"
463,从动盘,2840,黄河DD3090JFZ离合器异响,"2017-06-18 00:00:00"
464,转向沉重,2841,燕京YJ6501转向沉重,"2017-06-18 00:00:00"
301,责任心不强,2841,燕京YJ6501转向沉重,"2017-06-18 00:00:00"
337,轮胎,2841,燕京YJ6501转向沉重,"2017-06-18 00:00:00"
464,转向沉重,2842,东风猛士转向沉重,"2017-06-18 00:00:00"
288,修理不当,2842,东风猛士转向沉重,"2017-06-18 00:00:00"
465,转向系,2842,东风猛士转向沉重,"2017-06-18 00:00:00"
466,交流发电机充电电流不稳定,2843,东风猛士交流发电机充电电流不稳定,"2017-07-18 00:00:00"
291,知道故障不修理,2843,东风猛士交流发电机充电电流不稳定,"2017-07-18 00:00:00"
467,传动皮带,2843,东风猛士交流发电机充电电流不稳定,"2017-07-18 00:00:00"
466,交流发电机充电电流不稳定,2844,铁马XC2200载重车交流发电机充电电流不稳定,"2017-08-10 00:00:00"
304,不定时检查车况,2844,铁马XC2200载重车交流发电机充电电流不稳定,"2017-08-10 00:00:00"
467,传动皮带,2844,铁马XC2200载重车交流发电机充电电流不稳定,"2017-08-10 00:00:00"
466,交流发电机充电电流不稳定,2845,五岳TAZ3090交流发电机充电电流不稳定,"2017-06-21 00:00:00"
309,意外,2845,五岳TAZ3090交流发电机充电电流不稳定,"2017-06-21 00:00:00"
468,电刷,2845,五岳TAZ3090交流发电机充电电流不稳定,"2017-06-21 00:00:00"
466,交流发电机充电电流不稳定,2846,五岳TAZ3090交流发电机充电电流不稳定,"2017-02-27 00:00:00"
288,修理不当,2846,五岳TAZ3090交流发电机充电电流不稳定,"2017-02-27 00:00:00"
469,调节器,2846,五岳TAZ3090交流发电机充电电流不稳定,"2017-02-27 00:00:00"
470,起动机转动无力,2847,汉阳HY4320S半挂牵引车起动机转动无力,"2017-03-23 00:00:00"
284,驾驶不当,2847,汉阳HY4320S半挂牵引车起动机转动无力,"2017-03-23 00:00:00"
471,电磁开关,2847,汉阳HY4320S半挂牵引车起动机转动无力,"2017-03-23 00:00:00"
472,高压无火,2848,五岳TAZ3090高压无火,"2017-04-10 00:00:00"
281,没有阅读说明书,2848,五岳TAZ3090高压无火,"2017-04-10 00:00:00"
473,感应线圈,2848,五岳TAZ3090高压无火,"2017-04-10 00:00:00"
459,发动机动力不足,2849,五岳TAZ3090发动机动力不足,"2017-04-18 00:00:00"
281,没有阅读说明书,2849,五岳TAZ3090发动机动力不足,"2017-04-18 00:00:00"
474,水温传感器,2849,五岳TAZ3090发动机动力不足,"2017-04-18 00:00:00"
459,发动机动力不足,2850,奥迪A1发动机动力不足,"2017-04-18 00:00:00"
286,粗心,2850,奥迪A1发动机动力不足,"2017-04-18 00:00:00"
475,空气流量计,2850,奥迪A1发动机动力不足,"2017-04-18 00:00:00"
476,发动机缺火,2851,奥迪A1发动机缺火,"2017-04-18 00:00:00"
281,没有阅读说明书,2851,奥迪A1发动机缺火,"2017-04-18 00:00:00"
321,气缸,2851,奥迪A1发动机缺火,"2017-04-18 00:00:00"
285,启动困难,2852,奥迪A1一侧小灯不亮,"2017-03-18 00:00:00"
314,上次修理失当,2852,奥迪A1一侧小灯不亮,"2017-03-18 00:00:00"
421,气缸垫,2852,奥迪A1一侧小灯不亮,"2017-03-18 00:00:00"
280,怠速不稳,2853,奥迪A1怠速不稳,"2017-07-22 00:00:00"
284,驾驶不当,2853,奥迪A1怠速不稳,"2017-07-22 00:00:00"
282,混合气,2853,奥迪A1怠速不稳,"2017-07-22 00:00:00"
387,发动机噪声大,2854,奥迪A2发动机噪声大，有“隆、隆”异响，,"2017-03-18 00:00:00"
309,意外,2854,奥迪A2发动机噪声大，有“隆、隆”异响，,"2017-03-18 00:00:00"
302,发动机,2854,奥迪A2发动机噪声大，有“隆、隆”异响，,"2017-03-18 00:00:00"
399,制动跑偏,2855," 铁马XC2200舟桥车钢板弹簧栓松动引起制动跑偏","2017-03-18 00:00:00"
309,意外,2855," 铁马XC2200舟桥车钢板弹簧栓松动引起制动跑偏","2017-03-18 00:00:00"
477,钢板弹簧U型固定螺栓,2855," 铁马XC2200舟桥车钢板弹簧栓松动引起制动跑偏","2017-03-18 00:00:00"
478,熄火，发动不着,2856,奥迪A6发动不着,"2017-03-18 00:00:00"
314,上次修理失当,2856,奥迪A6发动不着,"2017-03-18 00:00:00"
479,汽缸垫,2856,奥迪A6发动不着,"2017-03-18 00:00:00"
480,自动变速器不跳四档故障,2857,猎豹飞腾自动变速器不跳四档故障,"2017-07-14 00:00:00"
281,没有阅读说明书,2857,猎豹飞腾自动变速器不跳四档故障,"2017-07-14 00:00:00"
481,三元催化器,2857,猎豹飞腾自动变速器不跳四档故障,"2017-07-14 00:00:00"
404,发动机故障,2858,猎豹飞腾发动机间歇性加速无力,"2017-05-29 00:00:00"
288,修理不当,2858,猎豹飞腾发动机间歇性加速无力,"2017-05-29 00:00:00"
417,螺栓,2858,猎豹飞腾发动机间歇性加速无力,"2017-05-29 00:00:00"
404,发动机故障,2859,猎豹飞腾连杆轴承响,"2017-06-21 00:00:00"
314,上次修理失当,2859,猎豹飞腾连杆轴承响,"2017-06-21 00:00:00"
482,轴承盖螺栓,2859,猎豹飞腾连杆轴承响,"2017-06-21 00:00:00"
404,发动机故障,2860,北汽勇士连杆轴承响,"2017-05-29 00:00:00"
304,不定时检查车况,2860,北汽勇士连杆轴承响,"2017-05-29 00:00:00"
483,连杆轴承，轴颈,2860,北汽勇士连杆轴承响,"2017-05-29 00:00:00"
404,发动机故障,2861,北汽勇士发动机气门脚响,"2017-05-26 00:00:00"
286,粗心,2861,北汽勇士发动机气门脚响,"2017-05-26 00:00:00"
484,气门推杆,2861,北汽勇士发动机气门脚响,"2017-05-26 00:00:00"
404,发动机故障,2862,北汽勇士发动机凸轮轴轴承响,"2017-05-26 00:00:00"
301,责任心不强,2862,北汽勇士发动机凸轮轴轴承响,"2017-05-26 00:00:00"
435,凸轮轴,2862,北汽勇士发动机凸轮轴轴承响,"2017-05-26 00:00:00"
404,发动机故障,2863,长丰猎豹正时传动齿轮异响,"2017-06-18 00:00:00"
288,修理不当,2863,长丰猎豹正时传动齿轮异响,"2017-06-18 00:00:00"
333,齿轮,2863,长丰猎豹正时传动齿轮异响,"2017-06-18 00:00:00"
404,发动机故障,2864,长丰猎豹正时传动齿轮异响,"2017-05-26 00:00:00"
283,操作分心,2864,长丰猎豹正时传动齿轮异响,"2017-05-26 00:00:00"
333,齿轮,2864,长丰猎豹正时传动齿轮异响,"2017-05-26 00:00:00"
404,发动机故障,2865,五岳TAZ3090发动机正时传动齿轮异响,"2017-05-29 00:00:00"
283,操作分心,2865,五岳TAZ3090发动机正时传动齿轮异响,"2017-05-29 00:00:00"
485,螺帽,2865,五岳TAZ3090发动机正时传动齿轮异响,"2017-05-29 00:00:00"
404,发动机故障,2866,五岳TAZ3090发动机风扇叶异响,"2017-05-23 00:00:00"
290,不懂保养汽车,2866,五岳TAZ3090发动机风扇叶异响,"2017-05-23 00:00:00"
485,螺帽,2866,五岳TAZ3090发动机风扇叶异响,"2017-05-23 00:00:00"
404,发动机故障,2867,五岳TAZ3090发动机气泵皮带打滑响,"2017-04-17 00:00:00"
281,没有阅读说明书,2867,五岳TAZ3090发动机气泵皮带打滑响,"2017-04-17 00:00:00"
486,气泵皮带,2867,五岳TAZ3090发动机气泵皮带打滑响,"2017-04-17 00:00:00"
404,发动机故障,2868,燕京YJ6501发动机风扇打滑响,"2017-03-17 00:00:00"
309,意外,2868,燕京YJ6501发动机风扇打滑响,"2017-03-17 00:00:00"
406,风扇皮带,2868,燕京YJ6501发动机风扇打滑响,"2017-03-17 00:00:00"
404,发动机故障,2869,燕京YJ6501发动机着火敲击声,"2017-06-11 00:00:00"
284,驾驶不当,2869,燕京YJ6501发动机着火敲击声,"2017-06-11 00:00:00"
487,喷油提前角,2869,燕京YJ6501发动机着火敲击声,"2017-06-11 00:00:00"
404,发动机故障,2870,远达SCZ3090CA发动机气门脚响,"2017-06-11 00:00:00"
284,驾驶不当,2870,远达SCZ3090CA发动机气门脚响,"2017-06-11 00:00:00"
488,气门脚,2870,远达SCZ3090CA发动机气门脚响,"2017-06-11 00:00:00"
489,熄火难,2871,一辆汉阳HY473AS半挂牵引车不易熄火,"2017-05-19 00:00:00"
288,修理不当,2871,一辆汉阳HY473AS半挂牵引车不易熄火,"2017-05-19 00:00:00"
339,发电机故障,2871,一辆汉阳HY473AS半挂牵引车不易熄火,"2017-05-19 00:00:00"
490,离合器故障,2872,奥迪A6离合器发抖发响,"2017-05-19 00:00:00"
286,粗心,2872,奥迪A6离合器发抖发响,"2017-05-19 00:00:00"
417,螺栓,2872,奥迪A6离合器发抖发响,"2017-05-19 00:00:00"
404,发动机故障,2873,奥迪A1发动机过热,"2017-04-19 00:00:00"
291,知道故障不修理,2873,奥迪A1发动机过热,"2017-04-19 00:00:00"
491,风扇离合器,2873,奥迪A1发动机过热,"2017-04-19 00:00:00"
492,冷却系统故障,2874,奥迪A1冷却系统故障,"2017-01-23 00:00:00"
314,上次修理失当,2874,奥迪A1冷却系统故障,"2017-01-23 00:00:00"
493,引擎,2874,奥迪A1冷却系统故障,"2017-01-23 00:00:00"
490,离合器故障,2875,汉阳HY4320S半挂牵引车离合器故障,"2017-02-05 00:00:00"
288,修理不当,2875,汉阳HY4320S半挂牵引车离合器故障,"2017-02-05 00:00:00"
358,离合器,2875,汉阳HY4320S半挂牵引车离合器故障,"2017-02-05 00:00:00"
490,离合器故障,2876,奔驰2026（6×6）8吨级越野车离合器故障诊断,"2017-04-18 00:00:00"
301,责任心不强,2876,奔驰2026（6×6）8吨级越野车离合器故障诊断,"2017-04-18 00:00:00"
358,离合器,2876,奔驰2026（6×6）8吨级越野车离合器故障诊断,"2017-04-18 00:00:00"
490,离合器故障,2877,赛欧离合器阻滞,"2017-05-05 00:00:00"
309,意外,2877,赛欧离合器阻滞,"2017-05-05 00:00:00"
358,离合器,2877,赛欧离合器阻滞,"2017-05-05 00:00:00"
461,离合器异响,2878,铁马XC2200舟桥车离合器异响,"2017-05-12 00:00:00"
288,修理不当,2878,铁马XC2200舟桥车离合器异响,"2017-05-12 00:00:00"
358,离合器,2878,铁马XC2200舟桥车离合器异响,"2017-05-12 00:00:00"
494,变速器换挡困难,2879,奥迪A2变速器换挡困难,"2017-07-08 00:00:00"
301,责任心不强,2879,奥迪A2变速器换挡困难,"2017-07-08 00:00:00"
348,变速器,2879,奥迪A2变速器换挡困难,"2017-07-08 00:00:00"
285,启动困难,2880,上海别克GL启动困难,"2017-01-01 00:00:00"
283,操作分心,2880,上海别克GL启动困难,"2017-01-01 00:00:00"
398,曲轴,2880,上海别克GL启动困难,"2017-01-01 00:00:00"
495,变速器乱档,2881,上海别克GL变速器乱档,"2017-02-21 00:00:00"
286,粗心,2881,上海别克GL变速器乱档,"2017-02-21 00:00:00"
348,变速器,2881,上海别克GL变速器乱档,"2017-02-21 00:00:00"
496,燃润料消耗异常,2882,WJ94轮式装甲防暴车燃润料消耗异常,"2017-03-03 00:00:00"
291,知道故障不修理,2882,WJ94轮式装甲防暴车燃润料消耗异常,"2017-03-03 00:00:00"
348,变速器,2882,WJ94轮式装甲防暴车燃润料消耗异常,"2017-03-03 00:00:00"
497,过热现象,2883,WS-1B自行火箭炮车过热现象,"2017-03-03 00:00:00"
284,驾驶不当,2883,WS-1B自行火箭炮车过热现象,"2017-03-03 00:00:00"
498,冷却系统,2883,WS-1B自行火箭炮车过热现象,"2017-03-03 00:00:00"
499,柱塞锈蚀,2884,HY962半挂平板车齿条停在不供油位置,"2017-04-13 00:00:00"
283,操作分心,2884,HY962半挂平板车齿条停在不供油位置,"2017-04-13 00:00:00"
377,喷油泵,2884,HY962半挂平板车齿条停在不供油位置,"2017-04-13 00:00:00"
500,散热器开关,2885,铁马XC2200载重车散热器“开锅”故障的排除,"2017-01-01 00:00:00"
283,操作分心,2885,铁马XC2200载重车散热器“开锅”故障的排除,"2017-01-01 00:00:00"
376,散热器,2885,铁马XC2200载重车散热器“开锅”故障的排除,"2017-01-01 00:00:00"
501,油路中的空气排不净,2886,ZSL92式轮式步兵战车空气为何排不净,"2017-07-17 00:00:00"
281,没有阅读说明书,2886,ZSL92式轮式步兵战车空气为何排不净,"2017-07-17 00:00:00"
502,螺栓垫片,2886,ZSL92式轮式步兵战车空气为何排不净,"2017-07-17 00:00:00"
503,耗油量明显增加、运行中加速不良,2887,汉阳HY4320S半挂牵引车耗油量明显增加、运行中加速不良,"2017-03-08 00:00:00"
291,知道故障不修理,2887,汉阳HY4320S半挂牵引车耗油量明显增加、运行中加速不良,"2017-03-08 00:00:00"
504,螺钉,2887,汉阳HY4320S半挂牵引车耗油量明显增加、运行中加速不良,"2017-03-08 00:00:00"
505,化油器保养不当,2888,铁马XC2200舟桥车化油器保养不当,"2017-03-03 00:00:00"
291,知道故障不修理,2888,铁马XC2200舟桥车化油器保养不当,"2017-03-03 00:00:00"
343,化油器,2888,铁马XC2200舟桥车化油器保养不当,"2017-03-03 00:00:00"
506,电阻断路,2889,奥迪A1点火线圈附加电阻断路引起的故障,"2017-03-03 00:00:00"
283,操作分心,2889,奥迪A1点火线圈附加电阻断路引起的故障,"2017-03-03 00:00:00"
372,点火线圈,2889,奥迪A1点火线圈附加电阻断路引起的故障,"2017-03-03 00:00:00"
334,"起动困难 ",2890,HY473（6×6）牵引车动机起动困难,"2017-03-03 00:00:00"
291,知道故障不修理,2890,HY473（6×6）牵引车动机起动困难,"2017-03-03 00:00:00"
507,单向阀弹簧,2890,HY473（6×6）牵引车动机起动困难,"2017-03-03 00:00:00"
508,加速时有节奏的异响,2891,WJ94装甲防暴车急加速进排歧管处发出有节奏的异响,"2017-03-30 00:00:00"
281,没有阅读说明书,2891,WJ94装甲防暴车急加速进排歧管处发出有节奏的异响,"2017-03-30 00:00:00"
498,冷却系统,2891,WJ94装甲防暴车急加速进排歧管处发出有节奏的异响,"2017-03-30 00:00:00"
509,飞轮壳易损坏,2892,WJ94装甲防暴车轻载时传动部分出现振动和异响,"2017-04-12 00:00:00"
286,粗心,2892,WJ94装甲防暴车轻载时传动部分出现振动和异响,"2017-04-12 00:00:00"
380,飞轮,2892,WJ94装甲防暴车轻载时传动部分出现振动和异响,"2017-04-12 00:00:00"
334,"起动困难 ",2893,一汽捷达飞轮壳易损坏,"2017-07-10 00:00:00"
301,责任心不强,2893,一汽捷达飞轮壳易损坏,"2017-07-10 00:00:00"
316,起动机轴承,2893,一汽捷达飞轮壳易损坏,"2017-07-10 00:00:00"
510,消声器冒黑烟,2894,铁马XC2200载重车起动机轴承磨损导致起动困难,"2017-05-13 00:00:00"
286,粗心,2894,铁马XC2200载重车起动机轴承磨损导致起动困难,"2017-05-13 00:00:00"
511,火花塞陶,2894,铁马XC2200载重车起动机轴承磨损导致起动困难,"2017-05-13 00:00:00"
512,变速器跳档,2895,东风运输车消声器冒黑烟,"2017-03-10 00:00:00"
309,意外,2895,东风运输车消声器冒黑烟,"2017-03-10 00:00:00"
513,定位销,2895,东风运输车消声器冒黑烟,"2017-03-10 00:00:00"
403,发动机异响,2896,EQ245牵引车不正常的响声,"2017-02-28 00:00:00"
286,粗心,2896,EQ245牵引车不正常的响声,"2017-02-28 00:00:00"
514,五缸连杆瓦,2896,EQ245牵引车不正常的响声,"2017-02-28 00:00:00"
515,排出大量蓝烟,2897,东风运水车严重烧机油的故障一例,"2017-05-04 00:00:00"
281,没有阅读说明书,2897,东风运水车严重烧机油的故障一例,"2017-05-04 00:00:00"
421,气缸垫,2897,东风运水车严重烧机油的故障一例,"2017-05-04 00:00:00"
516,电路故障,2898,EQ1090运水车电路故障一例,"2017-03-03 00:00:00"
288,修理不当,2898,EQ1090运水车电路故障一例,"2017-03-03 00:00:00"
517,绝缘垫,2898,EQ1090运水车电路故障一例,"2017-03-03 00:00:00"
518,冒黑烟，动力不足,2899,EQ1090运水车发动机工作不正常,"2017-05-21 00:00:00"
301,责任心不强,2899,EQ1090运水车发动机工作不正常,"2017-05-21 00:00:00"
302,发动机,2899,EQ1090运水车发动机工作不正常,"2017-05-21 00:00:00"
519,爬坡无力,2900,WZ901保安车异响故障,"2017-06-02 00:00:00"
314,上次修理失当,2900,WZ901保安车异响故障,"2017-06-02 00:00:00"
520,火线圈，点火开关,2900,WZ901保安车异响故障,"2017-06-02 00:00:00"
521,化油器异响,2901,WZ901保安车爬坡无力,"2017-06-04 00:00:00"
281,没有阅读说明书,2901,WZ901保安车爬坡无力,"2017-06-04 00:00:00"
522,螺母,2901,WZ901保安车爬坡无力,"2017-06-04 00:00:00"
334,"起动困难 ",2902,EQ240巡逻车化油器异响,"2017-06-04 00:00:00"
284,驾驶不当,2902,EQ240巡逻车化油器异响,"2017-06-04 00:00:00"
302,发动机,2902,EQ240巡逻车化油器异响,"2017-06-04 00:00:00"
523,打转向沉重费力,2903,EQ240巡逻车起动困难,"2017-06-09 00:00:00"
301,责任心不强,2903,EQ240巡逻车起动困难,"2017-06-09 00:00:00"
327,轴承,2903,EQ240巡逻车起动困难,"2017-06-09 00:00:00"
524,油表不准,2904,帕萨特B4打转向沉重费力,"2017-06-09 00:00:00"
309,意外,2904,帕萨特B4打转向沉重费力,"2017-06-09 00:00:00"
525,油表显示器,2904,帕萨特B4打转向沉重费力,"2017-06-09 00:00:00"
526,点火困难,2905,桑塔纳汽车油表不准,"2017-06-21 00:00:00"
283,操作分心,2905,桑塔纳汽车油表不准,"2017-06-21 00:00:00"
527,喷油头,2905,桑塔纳汽车油表不准,"2017-06-21 00:00:00"
528,制动不灵敏,2906,赛欧发动机点火困难,"2017-06-26 00:00:00"
283,操作分心,2906,赛欧发动机点火困难,"2017-06-26 00:00:00"
529,制动液,2906,赛欧发动机点火困难,"2017-06-26 00:00:00"
530,故障灯无故亮起,2907,桑塔纳2000GSi制动踏板时制动不灵敏,"2017-06-22 00:00:00"
301,责任心不强,2907,桑塔纳2000GSi制动踏板时制动不灵敏,"2017-06-22 00:00:00"
531,故障灯,2907,桑塔纳2000GSi制动踏板时制动不灵敏,"2017-06-22 00:00:00"
532,不能起动,2908,雪佛兰子弹头客车ABS故障灯有时亮起,"2017-06-22 00:00:00"
288,修理不当,2908,雪佛兰子弹头客车ABS故障灯有时亮起,"2017-06-22 00:00:00"
405,搭铁线,2908,雪佛兰子弹头客车ABS故障灯有时亮起,"2017-06-22 00:00:00"
533,油表指针下降得很慢,2909,日产蓝鸟U13轿车不能起动,"2017-05-10 00:00:00"
288,修理不当,2909,日产蓝鸟U13轿车不能起动,"2017-05-10 00:00:00"
534,油表,2909,日产蓝鸟U13轿车不能起动,"2017-05-10 00:00:00"
535,电压的原因,2910,上汽奇瑞油表指针下降得很慢,"2017-05-10 00:00:00"
291,知道故障不修理,2910,上汽奇瑞油表指针下降得很慢,"2017-05-10 00:00:00"
536,车窗,2910,上汽奇瑞油表指针下降得很慢,"2017-05-10 00:00:00"
526,点火困难,2911,帕萨特B4车窗突然自动下降,"2017-01-07 00:00:00"
314,上次修理失当,2911,帕萨特B4车窗突然自动下降,"2017-01-07 00:00:00"
527,喷油头,2911,帕萨特B4车窗突然自动下降,"2017-01-07 00:00:00"
537,车间异味,2912,雪佛兰柯西发动机点火困难,"2017-07-02 00:00:00"
288,修理不当,2912,雪佛兰柯西发动机点火困难,"2017-07-02 00:00:00"
538,车内,2912,雪佛兰柯西发动机点火困难,"2017-07-02 00:00:00"
539,车体有异响,2913,爱丽舍长时间行车会有产生一股糊味,"2017-03-01 00:00:00"
290,不懂保养汽车,2913,爱丽舍长时间行车会有产生一股糊味,"2017-03-01 00:00:00"
386,排气管,2913,爱丽舍长时间行车会有产生一股糊味,"2017-03-01 00:00:00"
280,怠速不稳,2914,跃进NJ1041MS怠速不稳,"2017-01-01 00:00:00"
283,操作分心,2914,跃进NJ1041MS怠速不稳,"2017-01-01 00:00:00"
282,混合气,2914,跃进NJ1041MS怠速不稳,"2017-01-01 00:00:00"
540,冷启动困难,2915,五岳TAZ3090冷启动困难,"2017-02-01 00:00:00"
291,知道故障不修理,2915,五岳TAZ3090冷启动困难,"2017-02-01 00:00:00"
289,点火开关,2915,五岳TAZ3090冷启动困难,"2017-02-01 00:00:00"
541,脱档,2916,铁马XC2200载重车脱档,"2017-02-09 00:00:00"
283,操作分心,2916,铁马XC2200载重车脱档,"2017-02-09 00:00:00"
542,扁线束,2916,铁马XC2200载重车脱档,"2017-02-09 00:00:00"
543,履带断裂,2917,WZ901轮式装甲安全车履带断裂,"2017-05-08 00:00:00"
281,没有阅读说明书,2917,WZ901轮式装甲安全车履带断裂,"2017-05-08 00:00:00"
544,履带,2917,WZ901轮式装甲安全车履带断裂,"2017-05-08 00:00:00"
545,刹车失灵,2918,猎豹飞腾刹车失灵,"2017-04-03 00:00:00"
290,不懂保养汽车,2918,猎豹飞腾刹车失灵,"2017-04-03 00:00:00"
546,刹车线,2918,猎豹飞腾刹车失灵,"2017-04-03 00:00:00"
547,发动机机油压力指示表显示异常,2919,汉阳HY4320S半挂牵引车发动机机油压力指示表显示异常,"2017-02-08 00:00:00"
314,上次修理失当,2919,汉阳HY4320S半挂牵引车发动机机油压力指示表显示异常,"2017-02-08 00:00:00"
302,发动机,2919,汉阳HY4320S半挂牵引车发动机机油压力指示表显示异常,"2017-02-08 00:00:00"
548,加速时机油压力指示灯会点亮,2920,北汽勇士加速时机油压力指示灯会点亮,"2017-05-06 00:00:00"
291,知道故障不修理,2920,北汽勇士加速时机油压力指示灯会点亮,"2017-05-06 00:00:00"
549,机油压力指示灯,2920,北汽勇士加速时机油压力指示灯会点亮,"2017-05-06 00:00:00"
550,发动机机油消耗量过大,2921,铁马XC2200载重车发动机机油消耗量过大,"2017-03-03 00:00:00"
284,驾驶不当,2921,铁马XC2200载重车发动机机油消耗量过大,"2017-03-03 00:00:00"
302,发动机,2921,铁马XC2200载重车发动机机油消耗量过大,"2017-03-03 00:00:00"
551,行驶时车辆的转向盘难于操纵,2922,奔驰2026行驶时车辆的转向盘难于操纵,"2017-03-09 00:00:00"
301,责任心不强,2922,奔驰2026行驶时车辆的转向盘难于操纵,"2017-03-09 00:00:00"
552,转向盘,2922,奔驰2026行驶时车辆的转向盘难于操纵,"2017-03-09 00:00:00"
553,排气管冒黑烟,2923,燕京YJ6501排气管冒黑烟,"2017-07-05 00:00:00"
309,意外,2923,燕京YJ6501排气管冒黑烟,"2017-07-05 00:00:00"
386,排气管,2923,燕京YJ6501排气管冒黑烟,"2017-07-05 00:00:00"
554,转向灯点亮时闪烁的频率比平时快,2924,WJ94装甲防暴车转向灯点亮时闪烁的频率比平时快,"2017-02-03 00:00:00"
286,粗心,2924,WJ94装甲防暴车转向灯点亮时闪烁的频率比平时快,"2017-02-03 00:00:00"
555,转向灯,2924,WJ94装甲防暴车转向灯点亮时闪烁的频率比平时快,"2017-02-03 00:00:00"
556,汽油消耗量过大,2925,奥迪A1汽油消耗量过大,"2017-05-01 00:00:00"
288,修理不当,2925,奥迪A1汽油消耗量过大,"2017-05-01 00:00:00"
302,发动机,2925,奥迪A1汽油消耗量过大,"2017-05-01 00:00:00"
557,水箱“开锅”,2926,WZ901保安车水箱“开锅”,"2017-05-05 00:00:00"
284,驾驶不当,2926,WZ901保安车水箱“开锅”,"2017-05-05 00:00:00"
310,水箱,2926,WZ901保安车水箱“开锅”,"2017-05-05 00:00:00"
558,充电指示灯不灭,2927,沈飞猎鹰充电指示灯不灭,"2017-02-02 00:00:00"
284,驾驶不当,2927,沈飞猎鹰充电指示灯不灭,"2017-02-02 00:00:00"
559,充电指示灯,2927,沈飞猎鹰充电指示灯不灭,"2017-02-02 00:00:00"
560,起动机运转无力,2928,汉阳HY4320S半挂牵引车起动机运转无力,"2017-04-04 00:00:00"
290,不懂保养汽车,2928,汉阳HY4320S半挂牵引车起动机运转无力,"2017-04-04 00:00:00"
362,起动机,2928,汉阳HY4320S半挂牵引车起动机运转无力,"2017-04-04 00:00:00"
403,发动机异响,2929,铁马XC2200舟桥车发动机异响,"2017-06-06 00:00:00"
291,知道故障不修理,2929,铁马XC2200舟桥车发动机异响,"2017-06-06 00:00:00"
302,发动机,2929,铁马XC2200舟桥车发动机异响,"2017-06-06 00:00:00"
403,发动机异响,2930,铁马XC2200方舱车发动机异响,"2017-06-08 00:00:00"
286,粗心,2930,铁马XC2200方舱车发动机异响,"2017-06-08 00:00:00"
302,发动机,2930,铁马XC2200方舱车发动机异响,"2017-06-08 00:00:00"
561,制动时熄火,2931,茶花KQC1042B制动时熄火,"2017-03-06 00:00:00"
314,上次修理失当,2931,茶花KQC1042B制动时熄火,"2017-03-06 00:00:00"
562,真空阀,2931,茶花KQC1042B制动时熄火,"2017-03-06 00:00:00"
563,烧机油,2932,东风EQ1090E烧机油,"2017-04-23 00:00:00"
291,知道故障不修理,2932,东风EQ1090E烧机油,"2017-04-23 00:00:00"
564,机油,2932,东风EQ1090E烧机油,"2017-04-23 00:00:00"
565,发动机不能起动,2933,解放CA1090发动机不能起动,"2017-02-28 00:00:00"
309,意外,2933,解放CA1090发动机不能起动,"2017-02-28 00:00:00"
302,发动机,2933,解放CA1090发动机不能起动,"2017-02-28 00:00:00"
566,发动机工作不正常,2934,跃进NJ1041MS发动机工作不正常,"2017-06-20 00:00:00"
286,粗心,2934,跃进NJ1041MS发动机工作不正常,"2017-06-20 00:00:00"
302,发动机,2934,跃进NJ1041MS发动机工作不正常,"2017-06-20 00:00:00"
403,发动机异响,2935,五岳TAZ3090发动机异响,"2017-06-06 00:00:00"
284,驾驶不当,2935,五岳TAZ3090发动机异响,"2017-06-06 00:00:00"
302,发动机,2935,五岳TAZ3090发动机异响,"2017-06-06 00:00:00"
567,油泵破裂,2936,铁马XC2200载重车油泵破裂,"2017-05-24 00:00:00"
283,操作分心,2936,铁马XC2200载重车油泵破裂,"2017-05-24 00:00:00"
568,油泵,2936,铁马XC2200载重车油泵破裂,"2017-05-24 00:00:00"
306,消声器爆裂,2937,猎豹飞腾消声器爆裂,"2017-02-09 00:00:00"
290,不懂保养汽车,2937,猎豹飞腾消声器爆裂,"2017-02-09 00:00:00"
569,消声器,2937,猎豹飞腾消声器爆裂,"2017-02-09 00:00:00"
306,消声器爆裂,2938,WZ901轮式装甲安全车消声器爆裂,"2017-06-18 00:00:00"
284,驾驶不当,2938,WZ901轮式装甲安全车消声器爆裂,"2017-06-18 00:00:00"
569,消声器,2938,WZ901轮式装甲安全车消声器爆裂,"2017-06-18 00:00:00"
570,发动机烧机油故障,2939,汉阳HY4320S半挂牵引车发动机烧机油故障,"2017-06-03 00:00:00"
304,不定时检查车况,2939,汉阳HY4320S半挂牵引车发动机烧机油故障,"2017-06-03 00:00:00"
302,发动机,2939,汉阳HY4320S半挂牵引车发动机烧机油故障,"2017-06-03 00:00:00"
571,进排气歧管衬垫烧穿,2940,北汽勇士进排气歧管衬垫烧穿引起异响,"2017-05-08 00:00:00"
288,修理不当,2940,北汽勇士进排气歧管衬垫烧穿引起异响,"2017-05-08 00:00:00"
572,进排气歧管衬垫,2940,北汽勇士进排气歧管衬垫烧穿引起异响,"2017-05-08 00:00:00"
573,发动机动力下降,2941,奔驰2026发动机动力下降,"2017-03-26 00:00:00"
309,意外,2941,奔驰2026发动机动力下降,"2017-03-26 00:00:00"
302,发动机,2941,奔驰2026发动机动力下降,"2017-03-26 00:00:00"
574,制动阀漏气故障,2942,燕京YJ6501制动阀漏气故障,"2017-07-07 00:00:00"
284,驾驶不当,2942,燕京YJ6501制动阀漏气故障,"2017-07-07 00:00:00"
374,制动阀,2942,燕京YJ6501制动阀漏气故障,"2017-07-07 00:00:00"
575,起动机空转,2943,松辽SLQ6502起动机空转,"2017-04-14 00:00:00"
291,知道故障不修理,2943,松辽SLQ6502起动机空转,"2017-04-14 00:00:00"
362,起动机,2943,松辽SLQ6502起动机空转,"2017-04-14 00:00:00"
382,动力不足,2944,WJ94装甲防暴动力不足,"2017-08-01 00:00:00"
309,意外,2944,WJ94装甲防暴动力不足,"2017-08-01 00:00:00"
297,万向十字轴,2944,WJ94装甲防暴动力不足,"2017-08-01 00:00:00"
576,发电机充电量过大,2945,奥迪A1发电机充电量过大,"2017-04-22 00:00:00"
283,操作分心,2945,奥迪A1发电机充电量过大,"2017-04-22 00:00:00"
340,发电机,2945,奥迪A1发电机充电量过大,"2017-04-22 00:00:00"
577,气缸不工作,2946,WZ901保安车气缸不工作,"2017-02-02 00:00:00"
291,知道故障不修理,2946,WZ901保安车气缸不工作,"2017-02-02 00:00:00"
321,气缸,2946,WZ901保安车气缸不工作,"2017-02-02 00:00:00"
578,机油泵驱动齿轮异响故障,2947,骊山LS6911机油泵驱动齿轮异响故障,"2017-02-23 00:00:00"
286,粗心,2947,骊山LS6911机油泵驱动齿轮异响故障,"2017-02-23 00:00:00"
579,骊山LS6911,2947,骊山LS6911机油泵驱动齿轮异响故障,"2017-02-23 00:00:00"
580,起动系疑难故障,2948,沈飞猎鹰起动系疑难故障,"2017-03-31 00:00:00"
314,上次修理失当,2948,沈飞猎鹰起动系疑难故障,"2017-03-31 00:00:00"
362,起动机,2948,沈飞猎鹰起动系疑难故障,"2017-03-31 00:00:00"
581,造成连续烧瓦,2949,铁马XC2200舟桥车造成连续烧瓦,"2017-04-03 00:00:00"
283,操作分心,2949,铁马XC2200舟桥车造成连续烧瓦,"2017-04-03 00:00:00"
582,轮轴螺孔,2949,铁马XC2200舟桥车造成连续烧瓦,"2017-04-03 00:00:00"
583,制动气压不足,2950,茶花KQC1042B制动气压不足,"2017-01-05 00:00:00"
284,驾驶不当,2950,茶花KQC1042B制动气压不足,"2017-01-05 00:00:00"
302,发动机,2950,茶花KQC1042B制动气压不足,"2017-01-05 00:00:00"
516,电路故障,2951,ZSL92式轮式步兵战车电路故障,"2017-03-03 00:00:00"
283,操作分心,2951,ZSL92式轮式步兵战车电路故障,"2017-03-03 00:00:00"
584,电路,2951,ZSL92式轮式步兵战车电路故障,"2017-03-03 00:00:00"
585,单缸电时试验机不能起动探因,2952,WZ901轮式装甲安全车单缸电时试验机不能起动探因,"2017-03-12 00:00:00"
290,不懂保养汽车,2952,WZ901轮式装甲安全车单缸电时试验机不能起动探因,"2017-03-12 00:00:00"
586,单缸,2952,WZ901轮式装甲安全车单缸电时试验机不能起动探因,"2017-03-12 00:00:00"
540,冷启动困难,2953,跃进NJ1041MS冷启动困难,"2017-07-01 00:00:00"
309,意外,2953,跃进NJ1041MS冷启动困难,"2017-07-01 00:00:00"
289,点火开关,2953,跃进NJ1041MS冷启动困难,"2017-07-01 00:00:00"
545,刹车失灵,2954,五岳TAZ3090刹车失灵,"2017-07-03 00:00:00"
288,修理不当,2954,五岳TAZ3090刹车失灵,"2017-07-03 00:00:00"
546,刹车线,2954,五岳TAZ3090刹车失灵,"2017-07-03 00:00:00"
550,发动机机油消耗量过大,2955,猎豹飞腾发动机机油消耗量过大,"2017-04-09 00:00:00"
304,不定时检查车况,2955,猎豹飞腾发动机机油消耗量过大,"2017-04-09 00:00:00"
302,发动机,2955,猎豹飞腾发动机机油消耗量过大,"2017-04-09 00:00:00"
557,水箱“开锅”,2956,东风EQ1090E水箱“开锅”,"2017-05-05 00:00:00"
304,不定时检查车况,2956,东风EQ1090E水箱“开锅”,"2017-05-05 00:00:00"
310,水箱,2956,东风EQ1090E水箱“开锅”,"2017-05-05 00:00:00"
403,发动机异响,2957,奥迪A1发动机异响,"2017-03-09 00:00:00"
291,知道故障不修理,2957,奥迪A1发动机异响,"2017-03-09 00:00:00"
302,发动机,2957,奥迪A1发动机异响,"2017-03-09 00:00:00"
553,排气管冒黑烟,2958,WZ901保安车排气管冒黑烟,"2017-06-03 00:00:00"
309,意外,2958,WZ901保安车排气管冒黑烟,"2017-06-03 00:00:00"
386,排气管,2958,WZ901保安车排气管冒黑烟,"2017-06-03 00:00:00"
558,充电指示灯不灭,2959,五岳TAZ3090充电指示灯不灭,"2017-04-06 00:00:00"
284,驾驶不当,2959,五岳TAZ3090充电指示灯不灭,"2017-04-06 00:00:00"
559,充电指示灯,2959,五岳TAZ3090充电指示灯不灭,"2017-04-06 00:00:00"
556,汽油消耗量过大,2960,北汽勇士汽油消耗量过大,"2017-04-25 00:00:00"
284,驾驶不当,2960,北汽勇士汽油消耗量过大,"2017-04-25 00:00:00"
302,发动机,2960,北汽勇士汽油消耗量过大,"2017-04-25 00:00:00"
543,履带断裂,2961,汉阳HY4320S半挂牵引车履带断裂,"2017-06-05 00:00:00"
286,粗心,2961,汉阳HY4320S半挂牵引车履带断裂,"2017-06-05 00:00:00"
544,履带,2961,汉阳HY4320S半挂牵引车履带断裂,"2017-06-05 00:00:00"
280,怠速不稳,2962,北汽勇士怠速不稳,"2017-03-03 00:00:00"
309,意外,2962,北汽勇士怠速不稳,"2017-03-03 00:00:00"
282,混合气,2962,北汽勇士怠速不稳,"2017-03-03 00:00:00"
540,冷启动困难,2963,铁马XC2200载重车冷启动困难,"2017-04-04 00:00:00"
304,不定时检查车况,2963,铁马XC2200载重车冷启动困难,"2017-04-04 00:00:00"
289,点火开关,2963,铁马XC2200载重车冷启动困难,"2017-04-04 00:00:00"
587,蓄电池突然损坏,2964,五岳TAZ3090蓄电池突然损坏,"2017-07-06 00:00:00"
304,不定时检查车况,2964,五岳TAZ3090蓄电池突然损坏,"2017-07-06 00:00:00"
362,起动机,2964,五岳TAZ3090蓄电池突然损坏,"2017-07-06 00:00:00"
588,汽车摆头,2965,海虹QYJ5汽车摆头,"2017-07-08 00:00:00"
